# Pathway	ERR13731454_merged_Coverage
UNMAPPED	1.0000000000
UNINTEGRATED	1.0000000000
UNINTEGRATED|g__Alistipes.s__Alistipes_finegoldii	1.0000000000
UNINTEGRATED|g__Alistipes.s__Alistipes_putredinis	1.0000000000
UNINTEGRATED|g__Bacteroides.s__Bacteroides_massiliensis	1.0000000000
UNINTEGRATED|g__Clostridium.s__Clostridium_sp_CAG_245	1.0000000000
UNINTEGRATED|g__Faecalibacterium.s__Faecalibacterium_prausnitzii	1.0000000000
UNINTEGRATED|g__Lachnospiraceae_unclassified.s__Eubacterium_rectale	1.0000000000
UNINTEGRATED|g__Roseburia.s__Roseburia_faecis	1.0000000000
UNINTEGRATED|unclassified	1.0000000000
PWY-7238: sucrose biosynthesis II	1.0000000000
PWY-7238: sucrose biosynthesis II|unclassified	0.9999999999
PWY-7238: sucrose biosynthesis II|g__Faecalibacterium.s__Faecalibacterium_prausnitzii	0.9553713723
PWY-7238: sucrose biosynthesis II|g__Lachnospiraceae_unclassified.s__Eubacterium_rectale	0.9391466226
PWY-7238: sucrose biosynthesis II|g__Roseburia.s__Roseburia_faecis	0.8768477156
PWY-6386: UDP-N-acetylmuramoyl-pentapeptide biosynthesis II (lysine-containing)	0.9999999999
PWY-6386: UDP-N-acetylmuramoyl-pentapeptide biosynthesis II (lysine-containing)|unclassified	0.9989931896
PWY-6386: UDP-N-acetylmuramoyl-pentapeptide biosynthesis II (lysine-containing)|g__Clostridium.s__Clostridium_sp_CAG_245	0.1104462541
PWY-6386: UDP-N-acetylmuramoyl-pentapeptide biosynthesis II (lysine-containing)|g__Faecalibacterium.s__Faecalibacterium_prausnitzii	0.0239647674
PWY-6386: UDP-N-acetylmuramoyl-pentapeptide biosynthesis II (lysine-containing)|g__Alistipes.s__Alistipes_putredinis	0.1869510706
PWY-6386: UDP-N-acetylmuramoyl-pentapeptide biosynthesis II (lysine-containing)|g__Bacteroides.s__Bacteroides_massiliensis	0.3439058569
PWY-6386: UDP-N-acetylmuramoyl-pentapeptide biosynthesis II (lysine-containing)|g__Lachnospiraceae_unclassified.s__Eubacterium_rectale	0.1286976675
PWY-6386: UDP-N-acetylmuramoyl-pentapeptide biosynthesis II (lysine-containing)|g__Roseburia.s__Roseburia_faecis	0.4848882202
PWY-6387: UDP-N-acetylmuramoyl-pentapeptide biosynthesis I (meso-diaminopimelate containing)	0.9999999998
PWY-6387: UDP-N-acetylmuramoyl-pentapeptide biosynthesis I (meso-diaminopimelate containing)|unclassified	0.9997218005
PWY-6387: UDP-N-acetylmuramoyl-pentapeptide biosynthesis I (meso-diaminopimelate containing)|g__Clostridium.s__Clostridium_sp_CAG_245	0.1527713071
PWY-6387: UDP-N-acetylmuramoyl-pentapeptide biosynthesis I (meso-diaminopimelate containing)|g__Alistipes.s__Alistipes_putredinis	0.2647368066
PWY-6387: UDP-N-acetylmuramoyl-pentapeptide biosynthesis I (meso-diaminopimelate containing)|g__Faecalibacterium.s__Faecalibacterium_prausnitzii	0.0195871609
PWY-6387: UDP-N-acetylmuramoyl-pentapeptide biosynthesis I (meso-diaminopimelate containing)|g__Bacteroides.s__Bacteroides_massiliensis	0.4186476693
PWY-6387: UDP-N-acetylmuramoyl-pentapeptide biosynthesis I (meso-diaminopimelate containing)|g__Lachnospiraceae_unclassified.s__Eubacterium_rectale	0.1980504872
PWY-6387: UDP-N-acetylmuramoyl-pentapeptide biosynthesis I (meso-diaminopimelate containing)|g__Roseburia.s__Roseburia_faecis	0.4489542457
PWY-6609: adenine and adenosine salvage III	0.9999999980
PWY-6609: adenine and adenosine salvage III|unclassified	0.9999989959
PWY-6609: adenine and adenosine salvage III|g__Faecalibacterium.s__Faecalibacterium_prausnitzii	0.0922529558
PWY-6609: adenine and adenosine salvage III|g__Alistipes.s__Alistipes_putredinis	0.0055477817
PWY-6609: adenine and adenosine salvage III|g__Lachnospiraceae_unclassified.s__Eubacterium_rectale	0.0131298211
PWY-6609: adenine and adenosine salvage III|g__Bacteroides.s__Bacteroides_massiliensis	0.0103774578
PWY-5686: UMP biosynthesis I	0.9999999974
PWY-5686: UMP biosynthesis I|unclassified	0.9969676492
PWY-5686: UMP biosynthesis I|g__Alistipes.s__Alistipes_putredinis	0.6741439727
PWY-5686: UMP biosynthesis I|g__Faecalibacterium.s__Faecalibacterium_prausnitzii	0.4292432030
PWY-5686: UMP biosynthesis I|g__Lachnospiraceae_unclassified.s__Eubacterium_rectale	0.6005207228
PWY-5686: UMP biosynthesis I|g__Bacteroides.s__Bacteroides_massiliensis	0.4734212470
PWY-5686: UMP biosynthesis I|g__Roseburia.s__Roseburia_faecis	0.1741608483
PWY-7790: UMP biosynthesis II	0.9999999974
PWY-7790: UMP biosynthesis II|unclassified	0.9969676492
PWY-7790: UMP biosynthesis II|g__Faecalibacterium.s__Faecalibacterium_prausnitzii	0.4292432030
PWY-7790: UMP biosynthesis II|g__Alistipes.s__Alistipes_putredinis	0.3144536764
PWY-7790: UMP biosynthesis II|g__Lachnospiraceae_unclassified.s__Eubacterium_rectale	0.6005207228
PWY-7790: UMP biosynthesis II|g__Bacteroides.s__Bacteroides_massiliensis	0.4734212470
PWY-7790: UMP biosynthesis II|g__Roseburia.s__Roseburia_faecis	0.1741608483
PWY-7791: UMP biosynthesis III	0.9999999974
PWY-7791: UMP biosynthesis III|unclassified	0.9969676492
PWY-7791: UMP biosynthesis III|g__Faecalibacterium.s__Faecalibacterium_prausnitzii	0.4292432030
PWY-7791: UMP biosynthesis III|g__Alistipes.s__Alistipes_putredinis	0.3144536764
PWY-7791: UMP biosynthesis III|g__Lachnospiraceae_unclassified.s__Eubacterium_rectale	0.6005207228
PWY-7791: UMP biosynthesis III|g__Bacteroides.s__Bacteroides_massiliensis	0.5371905476
PWY-7791: UMP biosynthesis III|g__Roseburia.s__Roseburia_faecis	0.1741608483
PEPTIDOGLYCANSYN-PWY: peptidoglycan biosynthesis I (meso-diaminopimelate containing)	0.9999999983
PEPTIDOGLYCANSYN-PWY: peptidoglycan biosynthesis I (meso-diaminopimelate containing)|unclassified	0.9990821628
PEPTIDOGLYCANSYN-PWY: peptidoglycan biosynthesis I (meso-diaminopimelate containing)|g__Clostridium.s__Clostridium_sp_CAG_245	0.1814666162
PEPTIDOGLYCANSYN-PWY: peptidoglycan biosynthesis I (meso-diaminopimelate containing)|g__Alistipes.s__Alistipes_putredinis	0.2180433310
PEPTIDOGLYCANSYN-PWY: peptidoglycan biosynthesis I (meso-diaminopimelate containing)|g__Bacteroides.s__Bacteroides_massiliensis	0.4267559913
PEPTIDOGLYCANSYN-PWY: peptidoglycan biosynthesis I (meso-diaminopimelate containing)|g__Lachnospiraceae_unclassified.s__Eubacterium_rectale	0.1447249249
PEPTIDOGLYCANSYN-PWY: peptidoglycan biosynthesis I (meso-diaminopimelate containing)|g__Roseburia.s__Roseburia_faecis	0.2822419868
PWY-6385: peptidoglycan biosynthesis III (mycobacteria)	0.9999999983
PWY-6385: peptidoglycan biosynthesis III (mycobacteria)|unclassified	0.9990821628
PWY-6385: peptidoglycan biosynthesis III (mycobacteria)|g__Clostridium.s__Clostridium_sp_CAG_245	0.0964915092
PWY-6385: peptidoglycan biosynthesis III (mycobacteria)|g__Alistipes.s__Alistipes_putredinis	0.1336000731
PWY-6385: peptidoglycan biosynthesis III (mycobacteria)|g__Bacteroides.s__Bacteroides_massiliensis	0.4143216713
PWY-6385: peptidoglycan biosynthesis III (mycobacteria)|g__Lachnospiraceae_unclassified.s__Eubacterium_rectale	0.1447249249
PWY-6385: peptidoglycan biosynthesis III (mycobacteria)|g__Roseburia.s__Roseburia_faecis	0.2822419868
PWY-6700: queuosine biosynthesis I (de novo)	1.0000000000
PWY-6700: queuosine biosynthesis I (de novo)|unclassified	0.8182973809
PWY-6700: queuosine biosynthesis I (de novo)|g__Clostridium.s__Clostridium_sp_CAG_245	0.2743807818
PWY-6700: queuosine biosynthesis I (de novo)|g__Bacteroides.s__Bacteroides_massiliensis	0.7179627555
PWY-6700: queuosine biosynthesis I (de novo)|g__Faecalibacterium.s__Faecalibacterium_prausnitzii	0.1875694237
PWY-6700: queuosine biosynthesis I (de novo)|g__Lachnospiraceae_unclassified.s__Eubacterium_rectale	0.0993380261
PWY-6700: queuosine biosynthesis I (de novo)|g__Roseburia.s__Roseburia_faecis	0.3182526110
PWY-1042: glycolysis IV	0.9999982697
PWY-1042: glycolysis IV|unclassified	0.6798698328
PWY-1042: glycolysis IV|g__Faecalibacterium.s__Faecalibacterium_prausnitzii	0.8197382538
PWY-1042: glycolysis IV|g__Lachnospiraceae_unclassified.s__Eubacterium_rectale	0.3231521854
PWY-1042: glycolysis IV|g__Alistipes.s__Alistipes_putredinis	0.2682287554
PWY-1042: glycolysis IV|g__Roseburia.s__Roseburia_faecis	0.3765896233
TRNA-CHARGING-PWY: tRNA charging	0.9999845004
TRNA-CHARGING-PWY: tRNA charging|unclassified	0.9323192543
TRNA-CHARGING-PWY: tRNA charging|g__Alistipes.s__Alistipes_putredinis	0.4771704234
TRNA-CHARGING-PWY: tRNA charging|g__Faecalibacterium.s__Faecalibacterium_prausnitzii	0.3117279224
TRNA-CHARGING-PWY: tRNA charging|g__Lachnospiraceae_unclassified.s__Eubacterium_rectale	0.2272042733
TRNA-CHARGING-PWY: tRNA charging|g__Bacteroides.s__Bacteroides_massiliensis	0.1562244579
PWY-7953: UDP-N-acetylmuramoyl-pentapeptide biosynthesis III (meso-diaminopimelate containing)	0.9999999976
PWY-7953: UDP-N-acetylmuramoyl-pentapeptide biosynthesis III (meso-diaminopimelate containing)|unclassified	0.9986915629
PWY-7953: UDP-N-acetylmuramoyl-pentapeptide biosynthesis III (meso-diaminopimelate containing)|g__Clostridium.s__Clostridium_sp_CAG_245	0.0713844480
PWY-7953: UDP-N-acetylmuramoyl-pentapeptide biosynthesis III (meso-diaminopimelate containing)|g__Alistipes.s__Alistipes_putredinis	0.2805695125
PWY-7953: UDP-N-acetylmuramoyl-pentapeptide biosynthesis III (meso-diaminopimelate containing)|g__Lachnospiraceae_unclassified.s__Eubacterium_rectale	0.1108241253
PWY-7953: UDP-N-acetylmuramoyl-pentapeptide biosynthesis III (meso-diaminopimelate containing)|g__Bacteroides.s__Bacteroides_massiliensis	0.2898805199
PWY-7953: UDP-N-acetylmuramoyl-pentapeptide biosynthesis III (meso-diaminopimelate containing)|g__Roseburia.s__Roseburia_faecis	0.2528415281
VALSYN-PWY: L-valine biosynthesis	0.9999999690
VALSYN-PWY: L-valine biosynthesis|unclassified	0.9999960326
VALSYN-PWY: L-valine biosynthesis|g__Faecalibacterium.s__Faecalibacterium_prausnitzii	0.9622436321
VALSYN-PWY: L-valine biosynthesis|g__Lachnospiraceae_unclassified.s__Eubacterium_rectale	0.5180270579
VALSYN-PWY: L-valine biosynthesis|g__Roseburia.s__Roseburia_faecis	0.3014854638
VALSYN-PWY: L-valine biosynthesis|g__Bacteroides.s__Bacteroides_massiliensis	0.1877148125
PWY-3841: folate transformations II (plants)	0.9999965269
PWY-3841: folate transformations II (plants)|unclassified	0.9978760883
PWY-3841: folate transformations II (plants)|g__Alistipes.s__Alistipes_putredinis	0.4164752180
PWY-3841: folate transformations II (plants)|g__Bacteroides.s__Bacteroides_massiliensis	0.4294857819
PWY-3841: folate transformations II (plants)|g__Roseburia.s__Roseburia_faecis	0.1518577239
PWY-3841: folate transformations II (plants)|g__Lachnospiraceae_unclassified.s__Eubacterium_rectale	0.0000000030
DTDPRHAMSYN-PWY: dTDP-&beta;-L-rhamnose biosynthesis	0.9999999803
DTDPRHAMSYN-PWY: dTDP-&beta;-L-rhamnose biosynthesis|unclassified	0.9783513183
DTDPRHAMSYN-PWY: dTDP-&beta;-L-rhamnose biosynthesis|g__Faecalibacterium.s__Faecalibacterium_prausnitzii	0.6734926021
DTDPRHAMSYN-PWY: dTDP-&beta;-L-rhamnose biosynthesis|g__Alistipes.s__Alistipes_putredinis	0.4357228945
DTDPRHAMSYN-PWY: dTDP-&beta;-L-rhamnose biosynthesis|g__Lachnospiraceae_unclassified.s__Eubacterium_rectale	0.5990722815
DTDPRHAMSYN-PWY: dTDP-&beta;-L-rhamnose biosynthesis|g__Bacteroides.s__Bacteroides_massiliensis	0.7782121241
DTDPRHAMSYN-PWY: dTDP-&beta;-L-rhamnose biosynthesis|g__Alistipes.s__Alistipes_finegoldii	0.3457773781
DTDPRHAMSYN-PWY: dTDP-&beta;-L-rhamnose biosynthesis|g__Roseburia.s__Roseburia_faecis	0.5142722097
ILEUSYN-PWY: L-isoleucine biosynthesis I (from threonine)	0.9999992814
ILEUSYN-PWY: L-isoleucine biosynthesis I (from threonine)|unclassified	0.9999431283
ILEUSYN-PWY: L-isoleucine biosynthesis I (from threonine)|g__Lachnospiraceae_unclassified.s__Eubacterium_rectale	0.4522797682
BRANCHED-CHAIN-AA-SYN-PWY: superpathway of branched chain amino acid biosynthesis	0.9999983275
BRANCHED-CHAIN-AA-SYN-PWY: superpathway of branched chain amino acid biosynthesis|unclassified	0.9994572738
BRANCHED-CHAIN-AA-SYN-PWY: superpathway of branched chain amino acid biosynthesis|g__Lachnospiraceae_unclassified.s__Eubacterium_rectale	0.2704579827
PWY-5103: L-isoleucine biosynthesis III	0.9999988627
PWY-5103: L-isoleucine biosynthesis III|unclassified	0.9999106737
PWY-5103: L-isoleucine biosynthesis III|g__Lachnospiraceae_unclassified.s__Eubacterium_rectale	0.4090253138
PWY0-1296: purine ribonucleosides degradation	0.9974920743
PWY0-1296: purine ribonucleosides degradation|g__Clostridium.s__Clostridium_sp_CAG_245	0.5782749165
PWY0-1296: purine ribonucleosides degradation|unclassified	0.0001814494
PWY0-1296: purine ribonucleosides degradation|g__Faecalibacterium.s__Faecalibacterium_prausnitzii	0.4791497980
PWY0-1296: purine ribonucleosides degradation|g__Lachnospiraceae_unclassified.s__Eubacterium_rectale	0.0144858614
ARGSYNBSUB-PWY: L-arginine biosynthesis II (acetyl cycle)	0.9998332353
ARGSYNBSUB-PWY: L-arginine biosynthesis II (acetyl cycle)|unclassified	0.9986603760
ARGSYNBSUB-PWY: L-arginine biosynthesis II (acetyl cycle)|g__Faecalibacterium.s__Faecalibacterium_prausnitzii	0.6573975273
ARGSYNBSUB-PWY: L-arginine biosynthesis II (acetyl cycle)|g__Lachnospiraceae_unclassified.s__Eubacterium_rectale	0.7738811580
GLYCOGENSYNTH-PWY: glycogen biosynthesis I (from ADP-D-Glucose)	0.9999987644
GLYCOGENSYNTH-PWY: glycogen biosynthesis I (from ADP-D-Glucose)|unclassified	0.9625818139
GLYCOGENSYNTH-PWY: glycogen biosynthesis I (from ADP-D-Glucose)|g__Faecalibacterium.s__Faecalibacterium_prausnitzii	0.9371965743
GLYCOGENSYNTH-PWY: glycogen biosynthesis I (from ADP-D-Glucose)|g__Roseburia.s__Roseburia_faecis	0.8943277887
GLYCOGENSYNTH-PWY: glycogen biosynthesis I (from ADP-D-Glucose)|g__Lachnospiraceae_unclassified.s__Eubacterium_rectale	0.1633725222
NONMEVIPP-PWY: methylerythritol phosphate pathway I	0.9991955483
NONMEVIPP-PWY: methylerythritol phosphate pathway I|unclassified	0.9974609336
NONMEVIPP-PWY: methylerythritol phosphate pathway I|g__Alistipes.s__Alistipes_putredinis	0.0203612758
NONMEVIPP-PWY: methylerythritol phosphate pathway I|g__Bacteroides.s__Bacteroides_massiliensis	0.1486211076
PWY-6122: 5-aminoimidazole ribonucleotide biosynthesis II	0.9999993337
PWY-6122: 5-aminoimidazole ribonucleotide biosynthesis II|unclassified	0.9978890591
PWY-6122: 5-aminoimidazole ribonucleotide biosynthesis II|g__Faecalibacterium.s__Faecalibacterium_prausnitzii	0.4331691690
PWY-6122: 5-aminoimidazole ribonucleotide biosynthesis II|g__Alistipes.s__Alistipes_putredinis	0.4434886104
PWY-6122: 5-aminoimidazole ribonucleotide biosynthesis II|g__Lachnospiraceae_unclassified.s__Eubacterium_rectale	0.3317801453
PWY-6122: 5-aminoimidazole ribonucleotide biosynthesis II|g__Roseburia.s__Roseburia_faecis	0.2574777976
PWY-6122: 5-aminoimidazole ribonucleotide biosynthesis II|g__Bacteroides.s__Bacteroides_massiliensis	0.0625625149
PWY-6122: 5-aminoimidazole ribonucleotide biosynthesis II|g__Alistipes.s__Alistipes_finegoldii	0.0748583005
PWY-6277: superpathway of 5-aminoimidazole ribonucleotide biosynthesis	0.9999993337
PWY-6277: superpathway of 5-aminoimidazole ribonucleotide biosynthesis|unclassified	0.9978890591
PWY-6277: superpathway of 5-aminoimidazole ribonucleotide biosynthesis|g__Faecalibacterium.s__Faecalibacterium_prausnitzii	0.4331691690
PWY-6277: superpathway of 5-aminoimidazole ribonucleotide biosynthesis|g__Alistipes.s__Alistipes_putredinis	0.4434886104
PWY-6277: superpathway of 5-aminoimidazole ribonucleotide biosynthesis|g__Lachnospiraceae_unclassified.s__Eubacterium_rectale	0.3317801453
PWY-6277: superpathway of 5-aminoimidazole ribonucleotide biosynthesis|g__Roseburia.s__Roseburia_faecis	0.2574777976
PWY-6277: superpathway of 5-aminoimidazole ribonucleotide biosynthesis|g__Bacteroides.s__Bacteroides_massiliensis	0.0625625149
PWY-6277: superpathway of 5-aminoimidazole ribonucleotide biosynthesis|g__Alistipes.s__Alistipes_finegoldii	0.0748583005
ARGSYN-PWY: L-arginine biosynthesis I (via L-ornithine)	0.9962330095
ARGSYN-PWY: L-arginine biosynthesis I (via L-ornithine)|unclassified	0.9108250445
ARGSYN-PWY: L-arginine biosynthesis I (via L-ornithine)|g__Faecalibacterium.s__Faecalibacterium_prausnitzii	0.2279346194
ARGSYN-PWY: L-arginine biosynthesis I (via L-ornithine)|g__Lachnospiraceae_unclassified.s__Eubacterium_rectale	0.6146187162
COA-PWY-1: superpathway of coenzyme A biosynthesis III (mammals)	0.9996340098
COA-PWY-1: superpathway of coenzyme A biosynthesis III (mammals)|unclassified	0.7151507866
COA-PWY-1: superpathway of coenzyme A biosynthesis III (mammals)|g__Alistipes.s__Alistipes_putredinis	0.8070012337
COA-PWY-1: superpathway of coenzyme A biosynthesis III (mammals)|g__Roseburia.s__Roseburia_faecis	0.6929599251
COA-PWY-1: superpathway of coenzyme A biosynthesis III (mammals)|g__Lachnospiraceae_unclassified.s__Eubacterium_rectale	0.0065830850
PWY-5695: inosine 5'-phosphate degradation	0.9999783168
PWY-5695: inosine 5'-phosphate degradation|unclassified	0.9983715196
PWY-5695: inosine 5'-phosphate degradation|g__Bacteroides.s__Bacteroides_massiliensis	0.3058506303
PWY-5695: inosine 5'-phosphate degradation|g__Alistipes.s__Alistipes_putredinis	0.0082979878
PWY-5695: inosine 5'-phosphate degradation|g__Faecalibacterium.s__Faecalibacterium_prausnitzii	0.0192846159
CALVIN-PWY: Calvin-Benson-Bassham cycle	0.9840054178
CALVIN-PWY: Calvin-Benson-Bassham cycle|unclassified	0.8576885635
CALVIN-PWY: Calvin-Benson-Bassham cycle|g__Roseburia.s__Roseburia_faecis	0.7943783412
CALVIN-PWY: Calvin-Benson-Bassham cycle|g__Lachnospiraceae_unclassified.s__Eubacterium_rectale	0.1954618435
PWY-7111: pyruvate fermentation to isobutanol (engineered)	0.9998164606
PWY-7111: pyruvate fermentation to isobutanol (engineered)|unclassified	0.9994334127
PWY-7111: pyruvate fermentation to isobutanol (engineered)|g__Roseburia.s__Roseburia_faecis	0.3436717540
PWY-7111: pyruvate fermentation to isobutanol (engineered)|g__Faecalibacterium.s__Faecalibacterium_prausnitzii	0.0000000115
PWY-6121: 5-aminoimidazole ribonucleotide biosynthesis I	0.9999943521
PWY-6121: 5-aminoimidazole ribonucleotide biosynthesis I|unclassified	0.9966868941
PWY-6121: 5-aminoimidazole ribonucleotide biosynthesis I|g__Faecalibacterium.s__Faecalibacterium_prausnitzii	0.4532566173
PWY-6121: 5-aminoimidazole ribonucleotide biosynthesis I|g__Alistipes.s__Alistipes_putredinis	0.4615860408
PWY-6121: 5-aminoimidazole ribonucleotide biosynthesis I|g__Lachnospiraceae_unclassified.s__Eubacterium_rectale	0.0817962741
PWY-6121: 5-aminoimidazole ribonucleotide biosynthesis I|g__Roseburia.s__Roseburia_faecis	0.2970490749
PWY-6121: 5-aminoimidazole ribonucleotide biosynthesis I|g__Bacteroides.s__Bacteroides_massiliensis	0.0692451029
PWY-7221: guanosine ribonucleotides de novo biosynthesis	0.9999783169
PWY-7221: guanosine ribonucleotides de novo biosynthesis|unclassified	0.9983603150
PWY-7221: guanosine ribonucleotides de novo biosynthesis|g__Alistipes.s__Alistipes_putredinis	0.6413634654
PWY-7221: guanosine ribonucleotides de novo biosynthesis|g__Roseburia.s__Roseburia_faecis	0.4732406781
PWY-7221: guanosine ribonucleotides de novo biosynthesis|g__Bacteroides.s__Bacteroides_massiliensis	0.1465234981
PWY-7221: guanosine ribonucleotides de novo biosynthesis|g__Lachnospiraceae_unclassified.s__Eubacterium_rectale	0.0250651121
PWY-7221: guanosine ribonucleotides de novo biosynthesis|g__Faecalibacterium.s__Faecalibacterium_prausnitzii	0.0012881800
COMPLETE-ARO-PWY: superpathway of aromatic amino acid biosynthesis	0.9997806731
COMPLETE-ARO-PWY: superpathway of aromatic amino acid biosynthesis|unclassified	0.9940106603
COMPLETE-ARO-PWY: superpathway of aromatic amino acid biosynthesis|g__Lachnospiraceae_unclassified.s__Eubacterium_rectale	0.0940945309
PWY-6163: chorismate biosynthesis from 3-dehydroquinate	0.9999866097
PWY-6163: chorismate biosynthesis from 3-dehydroquinate|unclassified	0.9966354028
PWY-6163: chorismate biosynthesis from 3-dehydroquinate|g__Lachnospiraceae_unclassified.s__Eubacterium_rectale	0.3981539798
PWY-6163: chorismate biosynthesis from 3-dehydroquinate|g__Faecalibacterium.s__Faecalibacterium_prausnitzii	0.2369416575
PWY-6163: chorismate biosynthesis from 3-dehydroquinate|g__Bacteroides.s__Bacteroides_massiliensis	0.4773817518
PWY-6163: chorismate biosynthesis from 3-dehydroquinate|g__Roseburia.s__Roseburia_faecis	0.4029060070
ARO-PWY: chorismate biosynthesis I	0.9999798212
ARO-PWY: chorismate biosynthesis I|unclassified	0.9975095884
ARO-PWY: chorismate biosynthesis I|g__Faecalibacterium.s__Faecalibacterium_prausnitzii	0.3016850806
ARO-PWY: chorismate biosynthesis I|g__Lachnospiraceae_unclassified.s__Eubacterium_rectale	0.2231650334
ARO-PWY: chorismate biosynthesis I|g__Roseburia.s__Roseburia_faecis	0.3182707154
COA-PWY: coenzyme A biosynthesis I (prokaryotic)	0.9995425541
COA-PWY: coenzyme A biosynthesis I (prokaryotic)|unclassified	0.6676296803
COA-PWY: coenzyme A biosynthesis I (prokaryotic)|g__Alistipes.s__Alistipes_putredinis	0.7752693967
COA-PWY: coenzyme A biosynthesis I (prokaryotic)|g__Bacteroides.s__Bacteroides_massiliensis	0.6869268383
COA-PWY: coenzyme A biosynthesis I (prokaryotic)|g__Lachnospiraceae_unclassified.s__Eubacterium_rectale	0.4965346345
COA-PWY: coenzyme A biosynthesis I (prokaryotic)|g__Roseburia.s__Roseburia_faecis	0.7431454707
COA-PWY: coenzyme A biosynthesis I (prokaryotic)|g__Faecalibacterium.s__Faecalibacterium_prausnitzii	0.0009942547
PWY-7851: coenzyme A biosynthesis II (eukaryotic)	0.9995425541
PWY-7851: coenzyme A biosynthesis II (eukaryotic)|unclassified	0.6676296803
PWY-7851: coenzyme A biosynthesis II (eukaryotic)|g__Alistipes.s__Alistipes_putredinis	0.7752693967
PWY-7851: coenzyme A biosynthesis II (eukaryotic)|g__Roseburia.s__Roseburia_faecis	0.6440602547
PWY-7851: coenzyme A biosynthesis II (eukaryotic)|g__Lachnospiraceae_unclassified.s__Eubacterium_rectale	0.0052734327
PWY-5667: CDP-diacylglycerol biosynthesis I	0.9995803334
PWY-5667: CDP-diacylglycerol biosynthesis I|unclassified	0.9676185326
PWY-5667: CDP-diacylglycerol biosynthesis I|g__Lachnospiraceae_unclassified.s__Eubacterium_rectale	0.5049545865
PWY-5667: CDP-diacylglycerol biosynthesis I|g__Faecalibacterium.s__Faecalibacterium_prausnitzii	0.1844104099
PWY-5667: CDP-diacylglycerol biosynthesis I|g__Roseburia.s__Roseburia_faecis	0.0816213432
PWY0-1319: CDP-diacylglycerol biosynthesis II	0.9995803334
PWY0-1319: CDP-diacylglycerol biosynthesis II|unclassified	0.9676185326
PWY0-1319: CDP-diacylglycerol biosynthesis II|g__Lachnospiraceae_unclassified.s__Eubacterium_rectale	0.5049545865
PWY0-1319: CDP-diacylglycerol biosynthesis II|g__Faecalibacterium.s__Faecalibacterium_prausnitzii	0.1844104099
PWY0-1319: CDP-diacylglycerol biosynthesis II|g__Roseburia.s__Roseburia_faecis	0.0816213432
ANAGLYCOLYSIS-PWY: glycolysis III (from glucose)	0.0148106791
ANAGLYCOLYSIS-PWY: glycolysis III (from glucose)|unclassified	0.0952125758
ANAGLYCOLYSIS-PWY: glycolysis III (from glucose)|g__Lachnospiraceae_unclassified.s__Eubacterium_rectale	0.2491176431
ANAGLYCOLYSIS-PWY: glycolysis III (from glucose)|g__Roseburia.s__Roseburia_faecis	0.2685187001
1CMET2-PWY: folate transformations III (E. coli)	0.9951487533
1CMET2-PWY: folate transformations III (E. coli)|unclassified	0.9364002137
1CMET2-PWY: folate transformations III (E. coli)|g__Alistipes.s__Alistipes_putredinis	0.1861430525
1CMET2-PWY: folate transformations III (E. coli)|g__Bacteroides.s__Bacteroides_massiliensis	0.1327659882
1CMET2-PWY: folate transformations III (E. coli)|g__Roseburia.s__Roseburia_faecis	0.1350647292
PWY-6123: inosine-5'-phosphate biosynthesis I	0.9782927182
PWY-6123: inosine-5'-phosphate biosynthesis I|unclassified	0.7976450811
PWY-6123: inosine-5'-phosphate biosynthesis I|g__Alistipes.s__Alistipes_putredinis	0.3711620866
PWY-6123: inosine-5'-phosphate biosynthesis I|g__Faecalibacterium.s__Faecalibacterium_prausnitzii	0.0812677919
PWY-6123: inosine-5'-phosphate biosynthesis I|g__Bacteroides.s__Bacteroides_massiliensis	0.1923310328
PANTOSYN-PWY: superpathway of coenzyme A biosynthesis I (bacteria)	0.9790025548
PANTOSYN-PWY: superpathway of coenzyme A biosynthesis I (bacteria)|unclassified	0.4692911526
PANTOSYN-PWY: superpathway of coenzyme A biosynthesis I (bacteria)|g__Alistipes.s__Alistipes_putredinis	0.0759077236
PANTOSYN-PWY: superpathway of coenzyme A biosynthesis I (bacteria)|g__Bacteroides.s__Bacteroides_massiliensis	0.1597235741
PANTOSYN-PWY: superpathway of coenzyme A biosynthesis I (bacteria)|g__Lachnospiraceae_unclassified.s__Eubacterium_rectale	0.0115493956
PANTOSYN-PWY: superpathway of coenzyme A biosynthesis I (bacteria)|g__Roseburia.s__Roseburia_faecis	0.0290466362
PWY-5097: L-lysine biosynthesis VI	0.9619925696
PWY-5097: L-lysine biosynthesis VI|unclassified	0.9433733234
PWY-5097: L-lysine biosynthesis VI|g__Faecalibacterium.s__Faecalibacterium_prausnitzii	0.1489806871
PWY-5097: L-lysine biosynthesis VI|g__Bacteroides.s__Bacteroides_massiliensis	0.0371651313
PWY-6124: inosine-5'-phosphate biosynthesis II	0.9740638625
PWY-6124: inosine-5'-phosphate biosynthesis II|unclassified	0.7666193101
PWY-6124: inosine-5'-phosphate biosynthesis II|g__Faecalibacterium.s__Faecalibacterium_prausnitzii	0.5445349760
PWY-6124: inosine-5'-phosphate biosynthesis II|g__Alistipes.s__Alistipes_putredinis	0.2467517317
PWY-6124: inosine-5'-phosphate biosynthesis II|g__Bacteroides.s__Bacteroides_massiliensis	0.1662881420
PWY-6124: inosine-5'-phosphate biosynthesis II|g__Alistipes.s__Alistipes_finegoldii	0.0477871431
GLUTORN-PWY: L-ornithine biosynthesis I	0.9821777710
GLUTORN-PWY: L-ornithine biosynthesis I|unclassified	0.9982910844
GLUTORN-PWY: L-ornithine biosynthesis I|g__Faecalibacterium.s__Faecalibacterium_prausnitzii	0.0662427787
GLUTORN-PWY: L-ornithine biosynthesis I|g__Lachnospiraceae_unclassified.s__Eubacterium_rectale	0.3073647996
PWY-6151: S-adenosyl-L-methionine salvage I	0.9705239991
PWY-6151: S-adenosyl-L-methionine salvage I|unclassified	0.7043792999
PWY-6151: S-adenosyl-L-methionine salvage I|g__Faecalibacterium.s__Faecalibacterium_prausnitzii	0.6313078411
PWY-6151: S-adenosyl-L-methionine salvage I|g__Lachnospiraceae_unclassified.s__Eubacterium_rectale	0.2994077204
PWY-6151: S-adenosyl-L-methionine salvage I|g__Roseburia.s__Roseburia_faecis	0.2833390267
PANTO-PWY: phosphopantothenate biosynthesis I	0.9543839254
PANTO-PWY: phosphopantothenate biosynthesis I|unclassified	0.3282317154
PANTO-PWY: phosphopantothenate biosynthesis I|g__Alistipes.s__Alistipes_putredinis	0.8427191368
PANTO-PWY: phosphopantothenate biosynthesis I|g__Bacteroides.s__Bacteroides_massiliensis	0.4660027258
PANTO-PWY: phosphopantothenate biosynthesis I|g__Lachnospiraceae_unclassified.s__Eubacterium_rectale	0.1257395806
PANTO-PWY: phosphopantothenate biosynthesis I|g__Roseburia.s__Roseburia_faecis	0.4143471542
PWY-7977: L-methionine biosynthesis IV	0.9898228563
PWY-7977: L-methionine biosynthesis IV|unclassified	0.9353706330
PWY-7977: L-methionine biosynthesis IV|g__Alistipes.s__Alistipes_putredinis	0.4644756538
PWY-7977: L-methionine biosynthesis IV|g__Faecalibacterium.s__Faecalibacterium_prausnitzii	0.0909466430
PWY-7977: L-methionine biosynthesis IV|g__Bacteroides.s__Bacteroides_massiliensis	0.3741280716
HSERMETANA-PWY: L-methionine biosynthesis III	0.9900912615
HSERMETANA-PWY: L-methionine biosynthesis III|unclassified	0.9562890177
HSERMETANA-PWY: L-methionine biosynthesis III|g__Faecalibacterium.s__Faecalibacterium_prausnitzii	0.1998801542
HSERMETANA-PWY: L-methionine biosynthesis III|g__Roseburia.s__Roseburia_faecis	0.3903737737
PWY-5973: cis-vaccenate biosynthesis	0.6431885591
PWY-5973: cis-vaccenate biosynthesis|unclassified	0.0000310987
PWY-5973: cis-vaccenate biosynthesis|g__Alistipes.s__Alistipes_finegoldii	0.7084587035
PWY-8178: pentose phosphate pathway (non-oxidative branch) II	0.9608945732
PWY-8178: pentose phosphate pathway (non-oxidative branch) II|unclassified	0.7220961060
PWY-8178: pentose phosphate pathway (non-oxidative branch) II|g__Lachnospiraceae_unclassified.s__Eubacterium_rectale	0.2274681502
HISTSYN-PWY: L-histidine biosynthesis	0.7271324631
HISTSYN-PWY: L-histidine biosynthesis|unclassified	0.9254798716
HISTSYN-PWY: L-histidine biosynthesis|g__Bacteroides.s__Bacteroides_massiliensis	0.1495491001
PWY-6897: thiamine diphosphate salvage II	0.7491009675
PWY-6897: thiamine diphosphate salvage II|unclassified	0.0000000430
PWY-6897: thiamine diphosphate salvage II|g__Faecalibacterium.s__Faecalibacterium_prausnitzii	0.1110731654
PWY-6897: thiamine diphosphate salvage II|g__Lachnospiraceae_unclassified.s__Eubacterium_rectale	0.1017080986
PWY-724: superpathway of L-lysine, L-threonine and L-methionine biosynthesis II	0.5450516805
PWY-724: superpathway of L-lysine, L-threonine and L-methionine biosynthesis II|unclassified	0.7881829584
NONOXIPENT-PWY: pentose phosphate pathway (non-oxidative branch) I	0.9507033514
NONOXIPENT-PWY: pentose phosphate pathway (non-oxidative branch) I|unclassified	0.4605548833
NONOXIPENT-PWY: pentose phosphate pathway (non-oxidative branch) I|g__Roseburia.s__Roseburia_faecis	0.9210625441
NONOXIPENT-PWY: pentose phosphate pathway (non-oxidative branch) I|g__Lachnospiraceae_unclassified.s__Eubacterium_rectale	0.2073339795
PWY-3001: superpathway of L-isoleucine biosynthesis I	0.0258267040
PWY-3001: superpathway of L-isoleucine biosynthesis I|unclassified	0.3550420374
PWY-7663: gondoate biosynthesis (anaerobic)	0.5905131015
PWY-7663: gondoate biosynthesis (anaerobic)|unclassified	0.2557582862
PWY-7663: gondoate biosynthesis (anaerobic)|g__Alistipes.s__Alistipes_finegoldii	0.6904572760
PWY66-429: fatty acid biosynthesis initiation (mitochondria)	0.0925554040
PWY66-429: fatty acid biosynthesis initiation (mitochondria)|g__Clostridium.s__Clostridium_sp_CAG_245	0.4128285361
PWY66-429: fatty acid biosynthesis initiation (mitochondria)|g__Bacteroides.s__Bacteroides_massiliensis	0.6148958060
PWY66-429: fatty acid biosynthesis initiation (mitochondria)|unclassified	0.0000000040
PWY-5941: glycogen degradation II	0.0000005030
PWY-5941: glycogen degradation II|unclassified	0.0021511437
PWY-5941: glycogen degradation II|g__Roseburia.s__Roseburia_faecis	0.8024801882
PWY-7357: thiamine phosphate formation from pyrithiamine and oxythiamine (yeast)	0.6488520469
PWY-7357: thiamine phosphate formation from pyrithiamine and oxythiamine (yeast)|g__Roseburia.s__Roseburia_faecis	0.7620119357
PWY-7357: thiamine phosphate formation from pyrithiamine and oxythiamine (yeast)|g__Lachnospiraceae_unclassified.s__Eubacterium_rectale	0.3924708871
PWY-7357: thiamine phosphate formation from pyrithiamine and oxythiamine (yeast)|unclassified	0.0000000382
PWY-7357: thiamine phosphate formation from pyrithiamine and oxythiamine (yeast)|g__Faecalibacterium.s__Faecalibacterium_prausnitzii	0.1853009080
PWY-6629: superpathway of L-tryptophan biosynthesis	0.1564834870
PWY-6629: superpathway of L-tryptophan biosynthesis|unclassified	0.0005200164
PWY-6629: superpathway of L-tryptophan biosynthesis|g__Lachnospiraceae_unclassified.s__Eubacterium_rectale	0.0974766334
PYRIDNUCSYN-PWY: NAD de novo biosynthesis I (from aspartate)	0.0229954072
PYRIDNUCSYN-PWY: NAD de novo biosynthesis I (from aspartate)|unclassified	0.4587174288
PYRIDNUCSYN-PWY: NAD de novo biosynthesis I (from aspartate)|g__Alistipes.s__Alistipes_putredinis	0.1149421966
PWY-2942: L-lysine biosynthesis III	0.1198484059
PWY-2942: L-lysine biosynthesis III|unclassified	0.5914833376
RIBOSYN2-PWY: flavin biosynthesis I (bacteria and plants)	0.8392111849
RIBOSYN2-PWY: flavin biosynthesis I (bacteria and plants)|unclassified	0.0084570537
RIBOSYN2-PWY: flavin biosynthesis I (bacteria and plants)|g__Lachnospiraceae_unclassified.s__Eubacterium_rectale	0.4282564254
RIBOSYN2-PWY: flavin biosynthesis I (bacteria and plants)|g__Roseburia.s__Roseburia_faecis	0.3971679215
RIBOSYN2-PWY: flavin biosynthesis I (bacteria and plants)|g__Faecalibacterium.s__Faecalibacterium_prausnitzii	0.0063688012
PWY0-1586: peptidoglycan maturation (meso-diaminopimelate containing)	0.5833615363
PWY0-1586: peptidoglycan maturation (meso-diaminopimelate containing)|unclassified	0.9946989334
PWY-7199: pyrimidine deoxyribonucleosides salvage	0.6700232288
PWY-7199: pyrimidine deoxyribonucleosides salvage|unclassified	0.0000063173
PWY-7199: pyrimidine deoxyribonucleosides salvage|g__Bacteroides.s__Bacteroides_massiliensis	0.5382793193
PWY-7234: inosine-5'-phosphate biosynthesis III	0.0623046149
PWY-7234: inosine-5'-phosphate biosynthesis III|unclassified	0.4054563072
PWY-7234: inosine-5'-phosphate biosynthesis III|g__Alistipes.s__Alistipes_putredinis	0.2721766039
PWY-6317: D-galactose degradation I (Leloir pathway)	0.2630098082
PWY-6317: D-galactose degradation I (Leloir pathway)|unclassified	0.0193638146
PWY-6317: D-galactose degradation I (Leloir pathway)|g__Faecalibacterium.s__Faecalibacterium_prausnitzii	0.4006382829
PWY-6317: D-galactose degradation I (Leloir pathway)|g__Roseburia.s__Roseburia_faecis	0.1088107981
THRESYN-PWY: superpathway of L-threonine biosynthesis	0.1991665130
THRESYN-PWY: superpathway of L-threonine biosynthesis|unclassified	0.7093225921
THRESYN-PWY: superpathway of L-threonine biosynthesis|g__Bacteroides.s__Bacteroides_massiliensis	0.3178188635
THISYN-PWY: superpathway of thiamine diphosphate biosynthesis I	0.0000000000
THISYN-PWY: superpathway of thiamine diphosphate biosynthesis I|unclassified	0.0000000956
PWY-6527: stachyose degradation	0.2112013762
PWY-6527: stachyose degradation|unclassified	0.0146064520
PWY-6527: stachyose degradation|g__Lachnospiraceae_unclassified.s__Eubacterium_rectale	0.3226891559
PWY-6527: stachyose degradation|g__Roseburia.s__Roseburia_faecis	0.0900365058
PWY-6823: molybdopterin biosynthesis	0.8202489759
PWY-6823: molybdopterin biosynthesis|g__Faecalibacterium.s__Faecalibacterium_prausnitzii	0.8984488153
PWY-6823: molybdopterin biosynthesis|unclassified	0.0089657043
PWY-6823: molybdopterin biosynthesis|g__Lachnospiraceae_unclassified.s__Eubacterium_rectale	0.5447166697
PWY-6823: molybdopterin biosynthesis|g__Roseburia.s__Roseburia_faecis	0.6174738880
SER-GLYSYN-PWY: superpathway of L-serine and glycine biosynthesis I	0.1567593073
SER-GLYSYN-PWY: superpathway of L-serine and glycine biosynthesis I|unclassified	0.2456600651
SER-GLYSYN-PWY: superpathway of L-serine and glycine biosynthesis I|g__Alistipes.s__Alistipes_putredinis	0.0599040076
SER-GLYSYN-PWY: superpathway of L-serine and glycine biosynthesis I|g__Alistipes.s__Alistipes_finegoldii	0.2483589907
SER-GLYSYN-PWY: superpathway of L-serine and glycine biosynthesis I|g__Roseburia.s__Roseburia_faecis	0.1757033611
GLUCONEO-PWY: gluconeogenesis I	0.0000000001
GLUCONEO-PWY: gluconeogenesis I|unclassified	0.0081850654
PWY-7229: superpathway of adenosine nucleotides de novo biosynthesis I	0.0000000000
PWY-7229: superpathway of adenosine nucleotides de novo biosynthesis I|unclassified	0.0001956368
PWY-7229: superpathway of adenosine nucleotides de novo biosynthesis I|g__Bacteroides.s__Bacteroides_massiliensis	0.0793258920
FASYN-ELONG-PWY: fatty acid elongation -- saturated	0.0000761266
FASYN-ELONG-PWY: fatty acid elongation -- saturated|unclassified	0.0000497534
FASYN-ELONG-PWY: fatty acid elongation -- saturated|g__Alistipes.s__Alistipes_finegoldii	0.1790490231
P41-PWY: pyruvate fermentation to acetate and (S)-lactate I	0.0689633758
P41-PWY: pyruvate fermentation to acetate and (S)-lactate I|unclassified	0.3595303737
P41-PWY: pyruvate fermentation to acetate and (S)-lactate I|g__Lachnospiraceae_unclassified.s__Eubacterium_rectale	0.0823699387
PWY-5100: pyruvate fermentation to acetate and lactate II	0.0689633758
PWY-5100: pyruvate fermentation to acetate and lactate II|unclassified	0.3595303737
PWY-5100: pyruvate fermentation to acetate and lactate II|g__Lachnospiraceae_unclassified.s__Eubacterium_rectale	0.0823699387
TRPSYN-PWY: L-tryptophan biosynthesis	0.0717528402
TRPSYN-PWY: L-tryptophan biosynthesis|unclassified	0.0002167397
TRPSYN-PWY: L-tryptophan biosynthesis|g__Lachnospiraceae_unclassified.s__Eubacterium_rectale	0.1279164371
TRPSYN-PWY: L-tryptophan biosynthesis|g__Roseburia.s__Roseburia_faecis	0.3997512775
PWY-7664: oleate biosynthesis IV (anaerobic)	0.0000666119
PWY-7664: oleate biosynthesis IV (anaerobic)|unclassified	0.0000435353
PWY-7664: oleate biosynthesis IV (anaerobic)|g__Alistipes.s__Alistipes_finegoldii	0.1619263691
PWY-6628: superpathway of L-phenylalanine biosynthesis	0.0000107291
PWY-6628: superpathway of L-phenylalanine biosynthesis|unclassified	0.0000024121
PHOSLIPSYN-PWY: superpathway of phospholipid biosynthesis I (bacteria)	0.0000000036
PHOSLIPSYN-PWY: superpathway of phospholipid biosynthesis I (bacteria)|unclassified	0.1029048231
PWY0-862: (5Z)-dodecenoate biosynthesis I	0.0000570968
PWY0-862: (5Z)-dodecenoate biosynthesis I|unclassified	0.0000373168
PWY0-862: (5Z)-dodecenoate biosynthesis I|g__Alistipes.s__Alistipes_finegoldii	0.1436143701
PWY-7400: L-arginine biosynthesis IV (archaebacteria)	0.0000000000
PWY-7400: L-arginine biosynthesis IV (archaebacteria)|unclassified	0.0000000068
PWY-6282: palmitoleate biosynthesis I (from (5Z)-dodec-5-enoate)	0.0000570966
PWY-6282: palmitoleate biosynthesis I (from (5Z)-dodec-5-enoate)|unclassified	0.0000373164
PWY-6282: palmitoleate biosynthesis I (from (5Z)-dodec-5-enoate)|g__Alistipes.s__Alistipes_finegoldii	0.1427423091
COBALSYN-PWY: superpathway of adenosylcobalamin salvage from cobinamide I	0.0003800568
COBALSYN-PWY: superpathway of adenosylcobalamin salvage from cobinamide I|g__Faecalibacterium.s__Faecalibacterium_prausnitzii	0.4328394388
COBALSYN-PWY: superpathway of adenosylcobalamin salvage from cobinamide I|unclassified	0.0000000000
GLYCOLYSIS: glycolysis I (from glucose 6-phosphate)	0.0000000001
GLYCOLYSIS: glycolysis I (from glucose 6-phosphate)|unclassified	0.0512429253
PWY-5989: stearate biosynthesis II (bacteria and plants)	0.0000570968
PWY-5989: stearate biosynthesis II (bacteria and plants)|unclassified	0.0000373169
PWY-5989: stearate biosynthesis II (bacteria and plants)|g__Alistipes.s__Alistipes_finegoldii	0.1229465073
ANAEROFRUCAT-PWY: homolactic fermentation	0.0000000001
ANAEROFRUCAT-PWY: homolactic fermentation|unclassified	0.0342970423
PWY-6936: seleno-amino acid biosynthesis (plants)	0.0046512906
PWY-6936: seleno-amino acid biosynthesis (plants)|unclassified	0.0167520552
PWY-6936: seleno-amino acid biosynthesis (plants)|g__Faecalibacterium.s__Faecalibacterium_prausnitzii	0.0188659763
PWY-6936: seleno-amino acid biosynthesis (plants)|g__Roseburia.s__Roseburia_faecis	0.2654059517
PWY-841: superpathway of purine nucleotides de novo biosynthesis I	0.0000000000
PWY-841: superpathway of purine nucleotides de novo biosynthesis I|unclassified	0.0001711860
PWY-8187: L-arginine degradation XIII (reductive Stickland reaction)	0.0002660839
PWY-8187: L-arginine degradation XIII (reductive Stickland reaction)|unclassified	0.7686164156
PWY-5484: glycolysis II (from fructose 6-phosphate)	0.0000000001
PWY-5484: glycolysis II (from fructose 6-phosphate)|unclassified	0.0461487279
ASPASN-PWY: superpathway of L-aspartate and L-asparagine biosynthesis	0.0054533440
ASPASN-PWY: superpathway of L-aspartate and L-asparagine biosynthesis|unclassified	0.1053140724
ASPASN-PWY: superpathway of L-aspartate and L-asparagine biosynthesis|g__Bacteroides.s__Bacteroides_massiliensis	0.3126082802
PWY-5030: L-histidine degradation III	0.0017229191
PWY-5030: L-histidine degradation III|unclassified	0.0000713512
PWY-5030: L-histidine degradation III|g__Alistipes.s__Alistipes_putredinis	0.1944011289
PWY-5030: L-histidine degradation III|g__Bacteroides.s__Bacteroides_massiliensis	0.4150126352
PWY-5345: superpathway of L-methionine biosynthesis (by sulfhydrylation)	0.0000000299
PWY-5345: superpathway of L-methionine biosynthesis (by sulfhydrylation)|unclassified	0.0000037416
PWY-6630: superpathway of L-tyrosine biosynthesis	0.0000000005
PWY-6630: superpathway of L-tyrosine biosynthesis|unclassified	0.0000024122
PWY-6168: flavin biosynthesis III (fungi)	0.0000000000
PWY-6168: flavin biosynthesis III (fungi)|unclassified	0.0000001285
PWY0-162: superpathway of pyrimidine ribonucleotides de novo biosynthesis	0.0000000000
PWY0-162: superpathway of pyrimidine ribonucleotides de novo biosynthesis|unclassified	0.0225908187
PWY-6353: purine nucleotides degradation II (aerobic)	0.0000000005
PWY-6353: purine nucleotides degradation II (aerobic)|unclassified	0.0348391431
PWY-7345: superpathway of anaerobic sucrose degradation	0.0000000000
P441-PWY: superpathway of N-acetylneuraminate degradation	0.0000000000
P441-PWY: superpathway of N-acetylneuraminate degradation|unclassified	0.0000007229
DAPLYSINESYN-PWY: L-lysine biosynthesis I	0.0000000001
DAPLYSINESYN-PWY: L-lysine biosynthesis I|unclassified	0.0539960771
PWY-7761: NAD salvage pathway II (PNC IV cycle)	0.0000148955
PWY-7761: NAD salvage pathway II (PNC IV cycle)|unclassified	0.0000314078
PWY4FS-7: phosphatidylglycerol biosynthesis I (plastidic)	0.0000000022
PWY4FS-7: phosphatidylglycerol biosynthesis I (plastidic)|unclassified	0.0822978302
PWY4FS-8: phosphatidylglycerol biosynthesis II (non-plastidic)	0.0000000022
PWY4FS-8: phosphatidylglycerol biosynthesis II (non-plastidic)|unclassified	0.0822978302
PWY-6126: superpathway of adenosine nucleotides de novo biosynthesis II	0.0000000000
PWY-6126: superpathway of adenosine nucleotides de novo biosynthesis II|unclassified	0.0001141311
PWY-6126: superpathway of adenosine nucleotides de novo biosynthesis II|g__Bacteroides.s__Bacteroides_massiliensis	0.0509146131
PWY-6608: guanosine nucleotides degradation III	0.0000009130
PWY-6608: guanosine nucleotides degradation III|unclassified	0.0416649507
PWY-6608: guanosine nucleotides degradation III|g__Faecalibacterium.s__Faecalibacterium_prausnitzii	0.0192846159
THISYNARA-PWY: superpathway of thiamine diphosphate biosynthesis III (eukaryotes)	0.0000088068
THISYNARA-PWY: superpathway of thiamine diphosphate biosynthesis III (eukaryotes)|g__Lachnospiraceae_unclassified.s__Eubacterium_rectale	0.2401839812
THISYNARA-PWY: superpathway of thiamine diphosphate biosynthesis III (eukaryotes)|g__Roseburia.s__Roseburia_faecis	0.1794050450
THISYNARA-PWY: superpathway of thiamine diphosphate biosynthesis III (eukaryotes)|unclassified	0.0000000255
HISDEG-PWY: L-histidine degradation I	0.0011516420
HISDEG-PWY: L-histidine degradation I|g__Alistipes.s__Alistipes_putredinis	0.1860115711
HISDEG-PWY: L-histidine degradation I|g__Bacteroides.s__Bacteroides_massiliensis	0.4281484578
HISDEG-PWY: L-histidine degradation I|unclassified	0.0000475878
PWY-7560: methylerythritol phosphate pathway II	0.0000000000
PWY-7560: methylerythritol phosphate pathway II|unclassified	0.0000140312
PWY66-409: superpathway of purine nucleotide salvage	0.0000000000
PWY66-409: superpathway of purine nucleotide salvage|unclassified	0.0001566292
SULFATE-CYS-PWY: superpathway of sulfate assimilation and cysteine biosynthesis	0.0000000244
SULFATE-CYS-PWY: superpathway of sulfate assimilation and cysteine biosynthesis|unclassified	0.0000030611
PWY-5154: L-arginine biosynthesis III (via N-acetyl-L-citrulline)	0.0000000010
PWY-5154: L-arginine biosynthesis III (via N-acetyl-L-citrulline)|unclassified	0.0000000008
PWY-6901: superpathway of glucose and xylose degradation	0.0000000000
PWY-6901: superpathway of glucose and xylose degradation|unclassified	0.0004179680
PWY-7242: D-fructuronate degradation	0.0025832143
PWY-7242: D-fructuronate degradation|g__Faecalibacterium.s__Faecalibacterium_prausnitzii	0.8382891556
PWY-7242: D-fructuronate degradation|unclassified	0.0000057395
PWY-6507: 4-deoxy-L-threo-hex-4-enopyranuronate degradation	0.0000660182
PWY-6507: 4-deoxy-L-threo-hex-4-enopyranuronate degradation|g__Faecalibacterium.s__Faecalibacterium_prausnitzii	0.6938444888
PWY-6507: 4-deoxy-L-threo-hex-4-enopyranuronate degradation|unclassified	0.0000058220
SALVADEHYPOX-PWY: adenosine nucleotides degradation II	0.0000007608
SALVADEHYPOX-PWY: adenosine nucleotides degradation II|unclassified	0.0189586705
SALVADEHYPOX-PWY: adenosine nucleotides degradation II|g__Faecalibacterium.s__Faecalibacterium_prausnitzii	0.0171301381
GLUCUROCAT-PWY: superpathway of &beta;-D-glucuronosides degradation	0.0001263562
GLUCUROCAT-PWY: superpathway of &beta;-D-glucuronosides degradation|g__Faecalibacterium.s__Faecalibacterium_prausnitzii	0.0481223494
GLUCUROCAT-PWY: superpathway of &beta;-D-glucuronosides degradation|unclassified	0.0000086091
PWY-7228: superpathway of guanosine nucleotides de novo biosynthesis I	0.0000000000
PWY-7228: superpathway of guanosine nucleotides de novo biosynthesis I|unclassified	0.0000978286
PWY-7228: superpathway of guanosine nucleotides de novo biosynthesis I|g__Bacteroides.s__Bacteroides_massiliensis	0.0409101643
FERMENTATION-PWY: mixed acid fermentation	0.0000000000
FERMENTATION-PWY: mixed acid fermentation|unclassified	0.0047271135
GLCMANNANAUT-PWY: superpathway of N-acetylglucosamine, N-acetylmannosamine and N-acetylneuraminate degradation	0.0000000350
GLCMANNANAUT-PWY: superpathway of N-acetylglucosamine, N-acetylmannosamine and N-acetylneuraminate degradation|unclassified	0.0056693170
CITRULBIO-PWY: L-citrulline biosynthesis	0.0000000000
CITRULBIO-PWY: L-citrulline biosynthesis|unclassified	0.0000832941
PWY-5130: 2-oxobutanoate degradation I	0.0002076087
PWY-5130: 2-oxobutanoate degradation I|g__Alistipes.s__Alistipes_putredinis	0.2401245978
PWY-1269: CMP-3-deoxy-D-manno-octulosonate biosynthesis	0.0000001823
PWY-1269: CMP-3-deoxy-D-manno-octulosonate biosynthesis|unclassified	0.0064693166
PWY-6270: isoprene biosynthesis I	0.0000000000
PWY-6270: isoprene biosynthesis I|unclassified	0.0000001180
PWY-6147: 6-hydroxymethyl-dihydropterin diphosphate biosynthesis I	0.0000000632
PWY-6147: 6-hydroxymethyl-dihydropterin diphosphate biosynthesis I|g__Alistipes.s__Alistipes_putredinis	0.0204926216
PWY-6147: 6-hydroxymethyl-dihydropterin diphosphate biosynthesis I|unclassified	0.0000000000
PWY-5723: Rubisco shunt	0.0000000000
PWY-5723: Rubisco shunt|unclassified	0.0041489180
PWY-6892: thiazole component of thiamine diphosphate biosynthesis I	0.0000000000
PWY-6892: thiazole component of thiamine diphosphate biosynthesis I|unclassified	0.0108087152
OANTIGEN-PWY: O-antigen building blocks biosynthesis (E. coli)	0.0000000000
OANTIGEN-PWY: O-antigen building blocks biosynthesis (E. coli)|unclassified	0.0000650646
GLYCOLYSIS-E-D: superpathway of glycolysis and the Entner-Doudoroff pathway	0.0000000000
GLYCOLYSIS-E-D: superpathway of glycolysis and the Entner-Doudoroff pathway|unclassified	0.0000047914
PWY-7328: superpathway of UDP-glucose-derived O-antigen building blocks biosynthesis	0.0000001675
PWY-7328: superpathway of UDP-glucose-derived O-antigen building blocks biosynthesis|unclassified	0.0007179710
PWY-6305: superpathway of putrescine biosynthesis	0.0000045409
PWY-6305: superpathway of putrescine biosynthesis|unclassified	0.0443489819
BIOTIN-BIOSYNTHESIS-PWY: biotin biosynthesis I	0.0000000000
BIOTIN-BIOSYNTHESIS-PWY: biotin biosynthesis I|unclassified	0.0000430907
P461-PWY: hexitol fermentation to lactate, formate, ethanol and acetate	0.0000000000
P461-PWY: hexitol fermentation to lactate, formate, ethanol and acetate|unclassified	0.0128349463
PWY-5188: tetrapyrrole biosynthesis I (from glutamate)	0.0000000258
PWY-5188: tetrapyrrole biosynthesis I (from glutamate)|unclassified	0.0000857179
PWY-4984: urea cycle	0.0000000000
PWY-6125: superpathway of guanosine nucleotides de novo biosynthesis II	0.0000000000
PWY-6125: superpathway of guanosine nucleotides de novo biosynthesis II|unclassified	0.0000760905
PWY-6125: superpathway of guanosine nucleotides de novo biosynthesis II|g__Bacteroides.s__Bacteroides_massiliensis	0.0335714414
PWY-6703: preQ0 biosynthesis	0.0000000131
PWY-6703: preQ0 biosynthesis|unclassified	0.0000346427
PWY-6703: preQ0 biosynthesis|g__Bacteroides.s__Bacteroides_massiliensis	0.0741168378
PWY-4041: &gamma;-glutamyl cycle	0.0000003011
PWY-4041: &gamma;-glutamyl cycle|unclassified	0.0264901365
GALACTUROCAT-PWY: D-galacturonate degradation I	0.0000000789
GALACTUROCAT-PWY: D-galacturonate degradation I|g__Faecalibacterium.s__Faecalibacterium_prausnitzii	0.7938585495
GALACTUROCAT-PWY: D-galacturonate degradation I|unclassified	0.0000011869
MET-SAM-PWY: superpathway of S-adenosyl-L-methionine biosynthesis	0.0000000000
MET-SAM-PWY: superpathway of S-adenosyl-L-methionine biosynthesis|unclassified	0.0019343655
PENTOSE-P-PWY: pentose phosphate pathway	0.0000000000
PENTOSE-P-PWY: pentose phosphate pathway|unclassified	0.0001955643
PWY-6969: TCA cycle V (2-oxoglutarate synthase)	0.0000000000
PWY-6969: TCA cycle V (2-oxoglutarate synthase)|unclassified	0.0000041160
TCA: TCA cycle I (prokaryotic)	0.0000000000
TCA: TCA cycle I (prokaryotic)|unclassified	0.0000041160
PWY-7992: superpathway of menaquinol-8 biosynthesis III	0.0000000000
PWY-7992: superpathway of menaquinol-8 biosynthesis III|unclassified	0.0004319379
PWY0-1477: ethanolamine utilization	0.0000000000
PWY0-1477: ethanolamine utilization|unclassified	0.0262878121
PWY-6519: 8-amino-7-oxononanoate biosynthesis I	0.0000000000
PWY-6519: 8-amino-7-oxononanoate biosynthesis I|unclassified	0.0000338587
PWY0-1061: superpathway of L-alanine biosynthesis	0.0000000000
PWY0-1061: superpathway of L-alanine biosynthesis|g__Lachnospiraceae_unclassified.s__Eubacterium_rectale	0.1421002551
PWY0-1061: superpathway of L-alanine biosynthesis|unclassified	0.0000000000
PWY-6895: superpathway of thiamine diphosphate biosynthesis II	0.0000000000
PWY-6895: superpathway of thiamine diphosphate biosynthesis II|unclassified	0.0000000003
PWY-5347: superpathway of L-methionine biosynthesis (transsulfuration)	0.0000000000
PWY-5347: superpathway of L-methionine biosynthesis (transsulfuration)|unclassified	0.0019539593
SO4ASSIM-PWY: assimilatory sulfate reduction I	0.0000000109
SO4ASSIM-PWY: assimilatory sulfate reduction I|unclassified	0.0000013606
RHAMCAT-PWY: L-rhamnose degradation I	0.0000000043
RHAMCAT-PWY: L-rhamnose degradation I|unclassified	0.0089847111
RHAMCAT-PWY: L-rhamnose degradation I|g__Roseburia.s__Roseburia_faecis	0.0637351886
PWY-7208: superpathway of pyrimidine nucleobases salvage	0.0000000000
PWY-7208: superpathway of pyrimidine nucleobases salvage|unclassified	0.0103221967
PWY-621: sucrose degradation III (sucrose invertase)	0.0000000001
PWY-621: sucrose degradation III (sucrose invertase)|g__Roseburia.s__Roseburia_faecis	0.1602887568
METSYN-PWY: superpathway of L-homoserine and L-methionine biosynthesis	0.0000000000
METSYN-PWY: superpathway of L-homoserine and L-methionine biosynthesis|unclassified	0.0017172361
PWY0-1297: superpathway of purine deoxyribonucleosides degradation	0.0000000000
PWY0-1297: superpathway of purine deoxyribonucleosides degradation|unclassified	0.0000516169
PWY-I9: L-cysteine biosynthesis VI (from L-methionine)	0.0000000000
PWY-I9: L-cysteine biosynthesis VI (from L-methionine)|unclassified	0.0012508183
PWY-6292: superpathway of L-cysteine biosynthesis (mammalian)	0.0000000000
PWY-6549: L-glutamine biosynthesis III	0.0000000000
PWY-6549: L-glutamine biosynthesis III|unclassified	0.0043343173
PWY-6606: guanosine nucleotides degradation II	0.0000000002
PWY-6606: guanosine nucleotides degradation II|unclassified	0.0179783610
PWY-8004: Entner-Doudoroff pathway I	0.0000000000
PWY-8004: Entner-Doudoroff pathway I|unclassified	0.0000000001
PWY-5384: sucrose degradation IV (sucrose phosphorylase)	0.0000000001
PWY-5384: sucrose degradation IV (sucrose phosphorylase)|unclassified	0.0000034291
PWY-5384: sucrose degradation IV (sucrose phosphorylase)|g__Roseburia.s__Roseburia_faecis	0.3462447268
PWY0-1479: tRNA processing	0.0000000000
PWY0-1479: tRNA processing|unclassified	0.0003710423
PWY-702: L-methionine biosynthesis II	0.0000000000
PWY-702: L-methionine biosynthesis II|unclassified	0.0014179603
PYRIDOXSYN-PWY: pyridoxal 5'-phosphate biosynthesis I	0.0000000000
PYRIDOXSYN-PWY: pyridoxal 5'-phosphate biosynthesis I|unclassified	0.0000143225
PWY-5913: partial TCA cycle (obligate autotrophs)	0.0000000000
PWY-5913: partial TCA cycle (obligate autotrophs)|unclassified	0.0045074318
PWY-7371: 1,4-dihydroxy-6-naphthoate biosynthesis II	0.0000000001
PWY-7371: 1,4-dihydroxy-6-naphthoate biosynthesis II|unclassified	0.0215498891
COLANSYN-PWY: colanic acid building blocks biosynthesis	0.0000000000
COLANSYN-PWY: colanic acid building blocks biosynthesis|unclassified	0.0000034674
P105-PWY: TCA cycle IV (2-oxoglutarate decarboxylase)	0.0000000000
P105-PWY: TCA cycle IV (2-oxoglutarate decarboxylase)|unclassified	0.0000041092
GLUCOSE1PMETAB-PWY: glucose and glucose-1-phosphate degradation	0.0000000838
GLUCOSE1PMETAB-PWY: glucose and glucose-1-phosphate degradation|unclassified	0.0003591678
PWY0-781: aspartate superpathway	0.0000000000
PWY0-781: aspartate superpathway|unclassified	0.0000000192
PWY-5121: superpathway of geranylgeranyl diphosphate biosynthesis II (via MEP)	0.0000000000
PWY-5121: superpathway of geranylgeranyl diphosphate biosynthesis II (via MEP)|unclassified	0.0000000006
P4-PWY: superpathway of L-lysine, L-threonine and L-methionine biosynthesis I	0.0000000000
P4-PWY: superpathway of L-lysine, L-threonine and L-methionine biosynthesis I|unclassified	0.0000000181
ARG+POLYAMINE-SYN: superpathway of arginine and polyamine biosynthesis	0.0000000000
ARG+POLYAMINE-SYN: superpathway of arginine and polyamine biosynthesis|unclassified	0.0000000053
PWY-241: C4 photosynthetic carbon assimilation cycle, NADP-ME type	0.0000000000
PWY-241: C4 photosynthetic carbon assimilation cycle, NADP-ME type|unclassified	0.0000000036
PWY-7220: adenosine deoxyribonucleotides de novo biosynthesis II	0.0000000000
PWY-7220: adenosine deoxyribonucleotides de novo biosynthesis II|unclassified	0.0000489167
PWY-7220: adenosine deoxyribonucleotides de novo biosynthesis II|g__Bacteroides.s__Bacteroides_massiliensis	0.0233663224
PWY-7222: guanosine deoxyribonucleotides de novo biosynthesis II	0.0000000000
PWY-7222: guanosine deoxyribonucleotides de novo biosynthesis II|unclassified	0.0000489167
PWY-7222: guanosine deoxyribonucleotides de novo biosynthesis II|g__Bacteroides.s__Bacteroides_massiliensis	0.0233663224
UDPNAGSYN-PWY: UDP-N-acetyl-D-glucosamine biosynthesis I	0.0000000000
UDPNAGSYN-PWY: UDP-N-acetyl-D-glucosamine biosynthesis I|unclassified	0.0000326401
GALACT-GLUCUROCAT-PWY: superpathway of hexuronide and hexuronate degradation	0.0000000000
GALACT-GLUCUROCAT-PWY: superpathway of hexuronide and hexuronate degradation|unclassified	0.0000000000
POLYAMSYN-PWY: superpathway of polyamine biosynthesis I	0.0000000000
POLYAMSYN-PWY: superpathway of polyamine biosynthesis I|unclassified	0.0000000257
PWY-7115: C4 photosynthetic carbon assimilation cycle, NAD-ME type	0.0000000000
PWY-7115: C4 photosynthetic carbon assimilation cycle, NAD-ME type|unclassified	0.0000000000
PWY-7117: C4 photosynthetic carbon assimilation cycle, PEPCK type	0.0000000000
PWY-7117: C4 photosynthetic carbon assimilation cycle, PEPCK type|unclassified	0.0000000043
PWY66-399: gluconeogenesis III	0.0000000000
PWY-7197: pyrimidine deoxyribonucleotide phosphorylation	0.0000000000
PWY-7197: pyrimidine deoxyribonucleotide phosphorylation|unclassified	0.0000434817
GLYOXYLATE-BYPASS: glyoxylate cycle	0.0000000000
GLYOXYLATE-BYPASS: glyoxylate cycle|unclassified	0.0015436843
PWY-7383: anaerobic energy metabolism (invertebrates, cytosol)	0.0000000000
PWY-7383: anaerobic energy metabolism (invertebrates, cytosol)|unclassified	0.0000002396
PWY-5676: acetyl-CoA fermentation to butanoate II	0.0000000000
PWY-5676: acetyl-CoA fermentation to butanoate II|unclassified	0.0000020690
ARGININE-SYN4-PWY: L-ornithine biosynthesis II	0.0000000000
ARGININE-SYN4-PWY: L-ornithine biosynthesis II|unclassified	0.0000555309
PWY-5104: L-isoleucine biosynthesis IV	0.0000000000
PWY-5659: GDP-mannose biosynthesis	0.0000000000
PWY-5659: GDP-mannose biosynthesis|unclassified	0.0000747067
PWY-5690: TCA cycle II (plants and fungi)	0.0000000000
PWY-5690: TCA cycle II (plants and fungi)|unclassified	0.0000016663
PWY-7456: &beta;-(1,4)-mannan degradation	0.0000000000
PWY-6531: mannitol cycle	0.0000000000
ORNDEG-PWY: superpathway of ornithine degradation	0.0000000000
ORNDEG-PWY: superpathway of ornithine degradation|unclassified	0.0016602438
HOMOSER-METSYN-PWY: L-methionine biosynthesis I	0.0000000000
HOMOSER-METSYN-PWY: L-methionine biosynthesis I|unclassified	0.0009820012
METHGLYUT-PWY: superpathway of methylglyoxal degradation	0.0000000000
METHGLYUT-PWY: superpathway of methylglyoxal degradation|unclassified	0.0003864163
GALACTARDEG-PWY: D-galactarate degradation I	0.0000000000
GALACTARDEG-PWY: D-galactarate degradation I|unclassified	0.0000374620
GLUCARGALACTSUPER-PWY: superpathway of D-glucarate and D-galactarate degradation	0.0000000000
GLUCARGALACTSUPER-PWY: superpathway of D-glucarate and D-galactarate degradation|unclassified	0.0000374620
TCA-GLYOX-BYPASS: superpathway of glyoxylate bypass and TCA	0.0000000000
TCA-GLYOX-BYPASS: superpathway of glyoxylate bypass and TCA|unclassified	0.0000000165
P164-PWY: purine nucleobases degradation I (anaerobic)	0.0000000000
P164-PWY: purine nucleobases degradation I (anaerobic)|unclassified	0.0000020498
PWY-561: superpathway of glyoxylate cycle and fatty acid degradation	0.0000000000
PWY-561: superpathway of glyoxylate cycle and fatty acid degradation|unclassified	0.0000000198
PWY-7392: taxadiene biosynthesis (engineered)	0.0000000000
PWY-5497: purine nucleobases degradation II (anaerobic)	0.0000000000
PWY-5497: purine nucleobases degradation II (anaerobic)|unclassified	0.0000044419
PWY-5505: L-glutamate and L-glutamine biosynthesis	0.0000000000
PWY-6803: phosphatidylcholine acyl editing	0.0000000000
PWY-6803: phosphatidylcholine acyl editing|unclassified	0.0000031341
P108-PWY: pyruvate fermentation to propanoate I	0.0000000000
P108-PWY: pyruvate fermentation to propanoate I|unclassified	0.0000000000
FUC-RHAMCAT-PWY: superpathway of fucose and rhamnose degradation	0.0000000000
FUC-RHAMCAT-PWY: superpathway of fucose and rhamnose degradation|unclassified	0.0000023216
PWY-2941: L-lysine biosynthesis II	0.0000000000
PWY-2941: L-lysine biosynthesis II|unclassified	0.0000000002
PWY-7356: thiamine diphosphate salvage IV (yeast)	0.0000000000
PWY0-1298: superpathway of pyrimidine deoxyribonucleosides degradation	0.0000000000
PWY0-1298: superpathway of pyrimidine deoxyribonucleosides degradation|unclassified	0.0000001426
PWY-5136: fatty acid &beta;-oxidation II (plant peroxisome)	0.0000000000
PWY-5136: fatty acid &beta;-oxidation II (plant peroxisome)|unclassified	0.0000016639
HEMESYN2-PWY: heme b biosynthesis II (oxygen-independent)	0.0000000000
HEMESYN2-PWY: heme b biosynthesis II (oxygen-independent)|unclassified	0.0001471806
GLUCARDEG-PWY: D-glucarate degradation I	0.0000000000
GLUCARDEG-PWY: D-glucarate degradation I|unclassified	0.0000363673
PWY-6731: starch degradation III	0.0000000000
PWY-6731: starch degradation III|unclassified	0.0000007008
NAGLIPASYN-PWY: lipid IVA biosynthesis (E. coli)	0.0000000000
NAGLIPASYN-PWY: lipid IVA biosynthesis (E. coli)|unclassified	0.0000000001
PWY-8073: lipid IVA biosynthesis (P. putida)	0.0000000000
PWY-8073: lipid IVA biosynthesis (P. putida)|unclassified	0.0000000001
HEME-BIOSYNTHESIS-II: heme b biosynthesis I (aerobic)	0.0000000000
HEME-BIOSYNTHESIS-II: heme b biosynthesis I (aerobic)|unclassified	0.0001039383
HEME-BIOSYNTHESIS-II-1: heme b biosynthesis V (aerobic)	0.0000000000
HEME-BIOSYNTHESIS-II-1: heme b biosynthesis V (aerobic)|unclassified	0.0001039383
HEXITOLDEGSUPER-PWY: superpathway of hexitol degradation (bacteria)	0.0000000000
HEXITOLDEGSUPER-PWY: superpathway of hexitol degradation (bacteria)|unclassified	0.0000000000
FUCCAT-PWY: fucose degradation	0.0000000000
FUCCAT-PWY: fucose degradation|unclassified	0.0000069956
POLYISOPRENSYN-PWY: polyisoprenoid biosynthesis (E. coli)	0.0000000000
POLYISOPRENSYN-PWY: polyisoprenoid biosynthesis (E. coli)|unclassified	0.0000000004
PWY-7858: (5Z)-dodecenoate biosynthesis II	0.0000000000
PWY-7858: (5Z)-dodecenoate biosynthesis II|unclassified	0.0000000002
GLYCOCAT-PWY: glycogen degradation I	0.0000000000
GLYCOCAT-PWY: glycogen degradation I|unclassified	0.0000000001
PWY-6293: superpathway of L-cysteine biosynthesis (fungi)	0.0000000000
PWY-5675: nitrate reduction V (assimilatory)	0.0000000000
PWY-5675: nitrate reduction V (assimilatory)|unclassified	0.0000000010
PWY0-301: L-ascorbate degradation I (bacterial, anaerobic)	0.0000000000
PWY0-301: L-ascorbate degradation I (bacterial, anaerobic)|unclassified	0.0000007997
FAO-PWY: fatty acid &beta;-oxidation I (generic)	0.0000000000
FAO-PWY: fatty acid &beta;-oxidation I (generic)|unclassified	0.0000000000
PWY-5022: 4-aminobutanoate degradation V	0.0000000000
PWY-5022: 4-aminobutanoate degradation V|unclassified	0.0000000089
POLYAMINSYN3-PWY: superpathway of polyamine biosynthesis II	0.0000000000
PWY-6961: L-ascorbate degradation II (bacterial, aerobic)	0.0000000000
PWY-6961: L-ascorbate degradation II (bacterial, aerobic)|unclassified	0.0000002416
P185-PWY: formaldehyde assimilation III (dihydroxyacetone cycle)	0.0000000000
P185-PWY: formaldehyde assimilation III (dihydroxyacetone cycle)|unclassified	0.0000000008
PWY0-1415: superpathway of heme b biosynthesis from uroporphyrinogen-III	0.0000000000
PWY0-1415: superpathway of heme b biosynthesis from uroporphyrinogen-III|unclassified	0.0000000115
PWY-7118: chitin deacetylation	0.0000000000
PWY-7118: chitin deacetylation|unclassified	0.0000000121
PWY-8131: 5'-deoxyadenosine degradation II	0.0000000000
PWY-8131: 5'-deoxyadenosine degradation II|unclassified	0.0000000005
P42-PWY: incomplete reductive TCA cycle	0.0000000000
GOLPDLCAT-PWY: superpathway of glycerol degradation to 1,3-propanediol	0.0000000000
GOLPDLCAT-PWY: superpathway of glycerol degradation to 1,3-propanediol|unclassified	0.0000000111
PWY-5918: superpathway of heme b biosynthesis from glutamate	0.0000000000
PWY-5918: superpathway of heme b biosynthesis from glutamate|unclassified	0.0000000000
PWY4LZ-257: superpathway of fermentation (Chlamydomonas reinhardtii)	0.0000000000
PWY4LZ-257: superpathway of fermentation (Chlamydomonas reinhardtii)|unclassified	0.0000000000
PWY0-42: 2-methylcitrate cycle I	0.0000000000
PWY0-42: 2-methylcitrate cycle I|unclassified	0.0000000490
PWY-801: homocysteine and cysteine interconversion	0.0000000000
P161-PWY: acetylene degradation (anaerobic)	0.0000000000
P161-PWY: acetylene degradation (anaerobic)|unclassified	0.0000000000
PWY0-1241: ADP-L-glycero-&beta;-D-manno-heptose biosynthesis	0.0000000000
PWY0-1241: ADP-L-glycero-&beta;-D-manno-heptose biosynthesis|unclassified	0.0000000000
PWY-6859: all-trans-farnesol biosynthesis	0.0000000000
PWY-6859: all-trans-farnesol biosynthesis|unclassified	0.0000000002
PWY-5004: superpathway of L-citrulline metabolism	0.0000000000
PWY-5677: succinate fermentation to butanoate	0.0000000000
PWY-5677: succinate fermentation to butanoate|unclassified	0.0000000000
PWY0-1338: polymyxin resistance	0.0000000000
PWY0-1338: polymyxin resistance|unclassified	0.0000000000
PWY66-389: phytol degradation	0.0000000000
PWY66-389: phytol degradation|unclassified	0.0000000000
GALACTITOLCAT-PWY: galactitol degradation	0.0000000000
GALACTITOLCAT-PWY: galactitol degradation|unclassified	0.0000000000
PWY-5138: fatty acid &beta;-oxidation IV (unsaturated, even number)	0.0000000000
PWY-5138: fatty acid &beta;-oxidation IV (unsaturated, even number)|unclassified	0.0000000000
GLYCOL-GLYOXDEG-PWY: superpathway of glycol metabolism and degradation	0.0000000000
GLYCOL-GLYOXDEG-PWY: superpathway of glycol metabolism and degradation|unclassified	0.0000000000
PWY-5705: allantoin degradation to glyoxylate III	0.0000000000
PWY-5705: allantoin degradation to glyoxylate III|unclassified	0.0000000000
PWY-7385: 1,3-propanediol biosynthesis (engineered)	0.0000000000
PWY-7385: 1,3-propanediol biosynthesis (engineered)|unclassified	0.0000000000
PWY-6902: chitin degradation II (Vibrio)	0.0000000000
PWY-6902: chitin degradation II (Vibrio)|unclassified	0.0000000000
PWY-6922: L-N&delta;-acetylornithine biosynthesis	0.0000000000
PWY-5747: 2-methylcitrate cycle II	0.0000000000
PWY-5747: 2-methylcitrate cycle II|unclassified	0.0000000000
P221-PWY: octane oxidation	0.0000000000
P221-PWY: octane oxidation|unclassified	0.0000000000
KETOGLUCONMET-PWY: ketogluconate metabolism	0.0000000000
KETOGLUCONMET-PWY: ketogluconate metabolism|unclassified	0.0000000000