# Pathway	ERR13731454_merged_Abundance
UNMAPPED	195675.7278537023
UNINTEGRATED	259533.6096835810
UNINTEGRATED|unclassified	114187.5424027787
UNINTEGRATED|g__Lachnospiraceae_unclassified.s__Eubacterium_rectale	33448.1429171437
UNINTEGRATED|g__Faecalibacterium.s__Faecalibacterium_prausnitzii	31792.5100513819
UNINTEGRATED|g__Alistipes.s__Alistipes_putredinis	19515.3343745807
UNINTEGRATED|g__Clostridium.s__Clostridium_sp_CAG_245	18455.3801543876
UNINTEGRATED|g__Roseburia.s__Roseburia_faecis	17327.5145854784
UNINTEGRATED|g__Bacteroides.s__Bacteroides_massiliensis	14734.1811097701
UNINTEGRATED|g__Alistipes.s__Alistipes_finegoldii	4496.0681956226
PWY-7238: sucrose biosynthesis II	230.0200333377
PWY-7238: sucrose biosynthesis II|unclassified	121.1764631391
PWY-7238: sucrose biosynthesis II|g__Faecalibacterium.s__Faecalibacterium_prausnitzii	35.0525004819
PWY-7238: sucrose biosynthesis II|g__Lachnospiraceae_unclassified.s__Eubacterium_rectale	32.1648084076
PWY-7238: sucrose biosynthesis II|g__Roseburia.s__Roseburia_faecis	19.4386279701
PWY-6386: UDP-N-acetylmuramoyl-pentapeptide biosynthesis II (lysine-containing)	203.6611466093
PWY-6386: UDP-N-acetylmuramoyl-pentapeptide biosynthesis II (lysine-containing)|unclassified	77.8854946579
PWY-6386: UDP-N-acetylmuramoyl-pentapeptide biosynthesis II (lysine-containing)|g__Clostridium.s__Clostridium_sp_CAG_245	31.2476594653
PWY-6386: UDP-N-acetylmuramoyl-pentapeptide biosynthesis II (lysine-containing)|g__Faecalibacterium.s__Faecalibacterium_prausnitzii	16.9878094973
PWY-6386: UDP-N-acetylmuramoyl-pentapeptide biosynthesis II (lysine-containing)|g__Alistipes.s__Alistipes_putredinis	16.6565615214
PWY-6386: UDP-N-acetylmuramoyl-pentapeptide biosynthesis II (lysine-containing)|g__Bacteroides.s__Bacteroides_massiliensis	14.4950335364
PWY-6386: UDP-N-acetylmuramoyl-pentapeptide biosynthesis II (lysine-containing)|g__Lachnospiraceae_unclassified.s__Eubacterium_rectale	14.1253515737
PWY-6386: UDP-N-acetylmuramoyl-pentapeptide biosynthesis II (lysine-containing)|g__Roseburia.s__Roseburia_faecis	13.0848209959
PWY-6387: UDP-N-acetylmuramoyl-pentapeptide biosynthesis I (meso-diaminopimelate containing)	199.1713773083
PWY-6387: UDP-N-acetylmuramoyl-pentapeptide biosynthesis I (meso-diaminopimelate containing)|unclassified	80.5642477563
PWY-6387: UDP-N-acetylmuramoyl-pentapeptide biosynthesis I (meso-diaminopimelate containing)|g__Clostridium.s__Clostridium_sp_CAG_245	30.4927623497
PWY-6387: UDP-N-acetylmuramoyl-pentapeptide biosynthesis I (meso-diaminopimelate containing)|g__Alistipes.s__Alistipes_putredinis	17.1264221792
PWY-6387: UDP-N-acetylmuramoyl-pentapeptide biosynthesis I (meso-diaminopimelate containing)|g__Faecalibacterium.s__Faecalibacterium_prausnitzii	15.5532696168
PWY-6387: UDP-N-acetylmuramoyl-pentapeptide biosynthesis I (meso-diaminopimelate containing)|g__Bacteroides.s__Bacteroides_massiliensis	15.5127313179
PWY-6387: UDP-N-acetylmuramoyl-pentapeptide biosynthesis I (meso-diaminopimelate containing)|g__Lachnospiraceae_unclassified.s__Eubacterium_rectale	15.3500891756
PWY-6387: UDP-N-acetylmuramoyl-pentapeptide biosynthesis I (meso-diaminopimelate containing)|g__Roseburia.s__Roseburia_faecis	12.7166856257
PWY-6609: adenine and adenosine salvage III	195.6989962369
PWY-6609: adenine and adenosine salvage III|unclassified	102.4861814233
PWY-6609: adenine and adenosine salvage III|g__Faecalibacterium.s__Faecalibacterium_prausnitzii	15.2988775417
PWY-6609: adenine and adenosine salvage III|g__Alistipes.s__Alistipes_putredinis	9.1417321436
PWY-6609: adenine and adenosine salvage III|g__Lachnospiraceae_unclassified.s__Eubacterium_rectale	8.9539531239
PWY-6609: adenine and adenosine salvage III|g__Bacteroides.s__Bacteroides_massiliensis	8.1783397255
PWY-5686: UMP biosynthesis I	195.2095783492
PWY-5686: UMP biosynthesis I|unclassified	75.3339189643
PWY-5686: UMP biosynthesis I|g__Alistipes.s__Alistipes_putredinis	25.2270796317
PWY-5686: UMP biosynthesis I|g__Faecalibacterium.s__Faecalibacterium_prausnitzii	24.6870245714
PWY-5686: UMP biosynthesis I|g__Lachnospiraceae_unclassified.s__Eubacterium_rectale	20.5665787790
PWY-5686: UMP biosynthesis I|g__Bacteroides.s__Bacteroides_massiliensis	17.5172318885
PWY-5686: UMP biosynthesis I|g__Roseburia.s__Roseburia_faecis	10.0854965270
PWY-7790: UMP biosynthesis II	195.2095783492
PWY-7790: UMP biosynthesis II|unclassified	75.3339189643
PWY-7790: UMP biosynthesis II|g__Faecalibacterium.s__Faecalibacterium_prausnitzii	24.6870245714
PWY-7790: UMP biosynthesis II|g__Alistipes.s__Alistipes_putredinis	21.4346342952
PWY-7790: UMP biosynthesis II|g__Lachnospiraceae_unclassified.s__Eubacterium_rectale	20.5665787790
PWY-7790: UMP biosynthesis II|g__Bacteroides.s__Bacteroides_massiliensis	17.5172318885
PWY-7790: UMP biosynthesis II|g__Roseburia.s__Roseburia_faecis	10.0854965270
PWY-7791: UMP biosynthesis III	195.2095783492
PWY-7791: UMP biosynthesis III|unclassified	75.3339189643
PWY-7791: UMP biosynthesis III|g__Faecalibacterium.s__Faecalibacterium_prausnitzii	24.6870245714
PWY-7791: UMP biosynthesis III|g__Alistipes.s__Alistipes_putredinis	21.4346342952
PWY-7791: UMP biosynthesis III|g__Lachnospiraceae_unclassified.s__Eubacterium_rectale	20.5665787790
PWY-7791: UMP biosynthesis III|g__Bacteroides.s__Bacteroides_massiliensis	18.1484679947
PWY-7791: UMP biosynthesis III|g__Roseburia.s__Roseburia_faecis	10.0854965270
PEPTIDOGLYCANSYN-PWY: peptidoglycan biosynthesis I (meso-diaminopimelate containing)	195.1753708407
PEPTIDOGLYCANSYN-PWY: peptidoglycan biosynthesis I (meso-diaminopimelate containing)|unclassified	77.8284113844
PEPTIDOGLYCANSYN-PWY: peptidoglycan biosynthesis I (meso-diaminopimelate containing)|g__Clostridium.s__Clostridium_sp_CAG_245	32.0029144018
PEPTIDOGLYCANSYN-PWY: peptidoglycan biosynthesis I (meso-diaminopimelate containing)|g__Alistipes.s__Alistipes_putredinis	16.9267058507
PEPTIDOGLYCANSYN-PWY: peptidoglycan biosynthesis I (meso-diaminopimelate containing)|g__Bacteroides.s__Bacteroides_massiliensis	15.4369261900
PEPTIDOGLYCANSYN-PWY: peptidoglycan biosynthesis I (meso-diaminopimelate containing)|g__Lachnospiraceae_unclassified.s__Eubacterium_rectale	14.7367955498
PEPTIDOGLYCANSYN-PWY: peptidoglycan biosynthesis I (meso-diaminopimelate containing)|g__Roseburia.s__Roseburia_faecis	11.1709934987
PWY-6385: peptidoglycan biosynthesis III (mycobacteria)	195.1753708407
PWY-6385: peptidoglycan biosynthesis III (mycobacteria)|unclassified	77.8284113844
PWY-6385: peptidoglycan biosynthesis III (mycobacteria)|g__Clostridium.s__Clostridium_sp_CAG_245	29.6098802337
PWY-6385: peptidoglycan biosynthesis III (mycobacteria)|g__Alistipes.s__Alistipes_putredinis	16.1651627946
PWY-6385: peptidoglycan biosynthesis III (mycobacteria)|g__Bacteroides.s__Bacteroides_massiliensis	15.2941923219
PWY-6385: peptidoglycan biosynthesis III (mycobacteria)|g__Lachnospiraceae_unclassified.s__Eubacterium_rectale	14.7367955498
PWY-6385: peptidoglycan biosynthesis III (mycobacteria)|g__Roseburia.s__Roseburia_faecis	11.1709934987
PWY-6700: queuosine biosynthesis I (de novo)	193.5928503689
PWY-6700: queuosine biosynthesis I (de novo)|unclassified	49.1124902178
PWY-6700: queuosine biosynthesis I (de novo)|g__Clostridium.s__Clostridium_sp_CAG_245	29.5032194306
PWY-6700: queuosine biosynthesis I (de novo)|g__Bacteroides.s__Bacteroides_massiliensis	22.2845166664
PWY-6700: queuosine biosynthesis I (de novo)|g__Faecalibacterium.s__Faecalibacterium_prausnitzii	17.7422332902
PWY-6700: queuosine biosynthesis I (de novo)|g__Lachnospiraceae_unclassified.s__Eubacterium_rectale	13.4718055751
PWY-6700: queuosine biosynthesis I (de novo)|g__Roseburia.s__Roseburia_faecis	11.3406027881
PWY-1042: glycolysis IV	192.9953171343
PWY-1042: glycolysis IV|unclassified	51.8627932358
PWY-1042: glycolysis IV|g__Faecalibacterium.s__Faecalibacterium_prausnitzii	29.8761984138
PWY-1042: glycolysis IV|g__Lachnospiraceae_unclassified.s__Eubacterium_rectale	19.1169209945
PWY-1042: glycolysis IV|g__Alistipes.s__Alistipes_putredinis	18.2704683627
PWY-1042: glycolysis IV|g__Roseburia.s__Roseburia_faecis	12.6010847876
TRNA-CHARGING-PWY: tRNA charging	189.8396489384
TRNA-CHARGING-PWY: tRNA charging|unclassified	63.4051376818
TRNA-CHARGING-PWY: tRNA charging|g__Alistipes.s__Alistipes_putredinis	21.3393355923
TRNA-CHARGING-PWY: tRNA charging|g__Faecalibacterium.s__Faecalibacterium_prausnitzii	20.1983233117
TRNA-CHARGING-PWY: tRNA charging|g__Lachnospiraceae_unclassified.s__Eubacterium_rectale	17.2354174487
TRNA-CHARGING-PWY: tRNA charging|g__Bacteroides.s__Bacteroides_massiliensis	13.0409547588
PWY-7953: UDP-N-acetylmuramoyl-pentapeptide biosynthesis III (meso-diaminopimelate containing)	188.9069650725
PWY-7953: UDP-N-acetylmuramoyl-pentapeptide biosynthesis III (meso-diaminopimelate containing)|unclassified	73.2870489548
PWY-7953: UDP-N-acetylmuramoyl-pentapeptide biosynthesis III (meso-diaminopimelate containing)|g__Clostridium.s__Clostridium_sp_CAG_245	27.4668232722
PWY-7953: UDP-N-acetylmuramoyl-pentapeptide biosynthesis III (meso-diaminopimelate containing)|g__Alistipes.s__Alistipes_putredinis	17.4973139958
PWY-7953: UDP-N-acetylmuramoyl-pentapeptide biosynthesis III (meso-diaminopimelate containing)|g__Lachnospiraceae_unclassified.s__Eubacterium_rectale	13.5595245665
PWY-7953: UDP-N-acetylmuramoyl-pentapeptide biosynthesis III (meso-diaminopimelate containing)|g__Bacteroides.s__Bacteroides_massiliensis	13.3685167364
PWY-7953: UDP-N-acetylmuramoyl-pentapeptide biosynthesis III (meso-diaminopimelate containing)|g__Roseburia.s__Roseburia_faecis	10.8914735083
VALSYN-PWY: L-valine biosynthesis	182.6587856098
VALSYN-PWY: L-valine biosynthesis|unclassified	93.9015492211
VALSYN-PWY: L-valine biosynthesis|g__Faecalibacterium.s__Faecalibacterium_prausnitzii	35.8663907289
VALSYN-PWY: L-valine biosynthesis|g__Lachnospiraceae_unclassified.s__Eubacterium_rectale	20.6321501124
VALSYN-PWY: L-valine biosynthesis|g__Roseburia.s__Roseburia_faecis	11.6603391618
VALSYN-PWY: L-valine biosynthesis|g__Bacteroides.s__Bacteroides_massiliensis	11.1426972918
PWY-3841: folate transformations II (plants)	179.0841653794
PWY-3841: folate transformations II (plants)|unclassified	83.9048237520
PWY-3841: folate transformations II (plants)|g__Alistipes.s__Alistipes_putredinis	22.5065306851
PWY-3841: folate transformations II (plants)|g__Bacteroides.s__Bacteroides_massiliensis	15.1254493945
PWY-3841: folate transformations II (plants)|g__Roseburia.s__Roseburia_faecis	9.0703521539
PWY-3841: folate transformations II (plants)|g__Lachnospiraceae_unclassified.s__Eubacterium_rectale	3.2002272627
DTDPRHAMSYN-PWY: dTDP-&beta;-L-rhamnose biosynthesis	177.5558915842
DTDPRHAMSYN-PWY: dTDP-&beta;-L-rhamnose biosynthesis|unclassified	57.6132490217
DTDPRHAMSYN-PWY: dTDP-&beta;-L-rhamnose biosynthesis|g__Faecalibacterium.s__Faecalibacterium_prausnitzii	25.3420454487
DTDPRHAMSYN-PWY: dTDP-&beta;-L-rhamnose biosynthesis|g__Alistipes.s__Alistipes_putredinis	20.8187494689
DTDPRHAMSYN-PWY: dTDP-&beta;-L-rhamnose biosynthesis|g__Lachnospiraceae_unclassified.s__Eubacterium_rectale	20.4968402676
DTDPRHAMSYN-PWY: dTDP-&beta;-L-rhamnose biosynthesis|g__Bacteroides.s__Bacteroides_massiliensis	19.9350914032
DTDPRHAMSYN-PWY: dTDP-&beta;-L-rhamnose biosynthesis|g__Alistipes.s__Alistipes_finegoldii	16.7251765762
DTDPRHAMSYN-PWY: dTDP-&beta;-L-rhamnose biosynthesis|g__Roseburia.s__Roseburia_faecis	13.0822328694
ILEUSYN-PWY: L-isoleucine biosynthesis I (from threonine)	177.5473658474
ILEUSYN-PWY: L-isoleucine biosynthesis I (from threonine)|unclassified	90.0380218890
ILEUSYN-PWY: L-isoleucine biosynthesis I (from threonine)|g__Lachnospiraceae_unclassified.s__Eubacterium_rectale	19.7568589781
BRANCHED-CHAIN-AA-SYN-PWY: superpathway of branched chain amino acid biosynthesis	175.1227198563
BRANCHED-CHAIN-AA-SYN-PWY: superpathway of branched chain amino acid biosynthesis|unclassified	87.6070805393
BRANCHED-CHAIN-AA-SYN-PWY: superpathway of branched chain amino acid biosynthesis|g__Lachnospiraceae_unclassified.s__Eubacterium_rectale	17.3462045893
PWY-5103: L-isoleucine biosynthesis III	169.7216013117
PWY-5103: L-isoleucine biosynthesis III|unclassified	86.2203744766
PWY-5103: L-isoleucine biosynthesis III|g__Lachnospiraceae_unclassified.s__Eubacterium_rectale	18.5254404112
PWY0-1296: purine ribonucleosides degradation	168.4403744712
PWY0-1296: purine ribonucleosides degradation|g__Clostridium.s__Clostridium_sp_CAG_245	36.0248618702
PWY0-1296: purine ribonucleosides degradation|unclassified	30.2252858931
PWY0-1296: purine ribonucleosides degradation|g__Faecalibacterium.s__Faecalibacterium_prausnitzii	22.1044033907
PWY0-1296: purine ribonucleosides degradation|g__Lachnospiraceae_unclassified.s__Eubacterium_rectale	8.6228535552
ARGSYNBSUB-PWY: L-arginine biosynthesis II (acetyl cycle)	164.9270544826
ARGSYNBSUB-PWY: L-arginine biosynthesis II (acetyl cycle)|unclassified	80.1761526543
ARGSYNBSUB-PWY: L-arginine biosynthesis II (acetyl cycle)|g__Faecalibacterium.s__Faecalibacterium_prausnitzii	28.4662917996
ARGSYNBSUB-PWY: L-arginine biosynthesis II (acetyl cycle)|g__Lachnospiraceae_unclassified.s__Eubacterium_rectale	23.8431490513
GLYCOGENSYNTH-PWY: glycogen biosynthesis I (from ADP-D-Glucose)	163.1627061043
GLYCOGENSYNTH-PWY: glycogen biosynthesis I (from ADP-D-Glucose)|unclassified	55.1447315297
GLYCOGENSYNTH-PWY: glycogen biosynthesis I (from ADP-D-Glucose)|g__Faecalibacterium.s__Faecalibacterium_prausnitzii	34.1843115755
GLYCOGENSYNTH-PWY: glycogen biosynthesis I (from ADP-D-Glucose)|g__Roseburia.s__Roseburia_faecis	22.6311128721
GLYCOGENSYNTH-PWY: glycogen biosynthesis I (from ADP-D-Glucose)|g__Lachnospiraceae_unclassified.s__Eubacterium_rectale	15.9483343772
NONMEVIPP-PWY: methylerythritol phosphate pathway I	162.8732684368
NONMEVIPP-PWY: methylerythritol phosphate pathway I|unclassified	76.3058424858
NONMEVIPP-PWY: methylerythritol phosphate pathway I|g__Alistipes.s__Alistipes_putredinis	15.5269846672
NONMEVIPP-PWY: methylerythritol phosphate pathway I|g__Bacteroides.s__Bacteroides_massiliensis	12.3554784408
PWY-6122: 5-aminoimidazole ribonucleotide biosynthesis II	162.7205688692
PWY-6122: 5-aminoimidazole ribonucleotide biosynthesis II|unclassified	76.6949788680
PWY-6122: 5-aminoimidazole ribonucleotide biosynthesis II|g__Faecalibacterium.s__Faecalibacterium_prausnitzii	22.1042143811
PWY-6122: 5-aminoimidazole ribonucleotide biosynthesis II|g__Alistipes.s__Alistipes_putredinis	19.7083395913
PWY-6122: 5-aminoimidazole ribonucleotide biosynthesis II|g__Lachnospiraceae_unclassified.s__Eubacterium_rectale	15.6684312724
PWY-6122: 5-aminoimidazole ribonucleotide biosynthesis II|g__Roseburia.s__Roseburia_faecis	10.1164664348
PWY-6122: 5-aminoimidazole ribonucleotide biosynthesis II|g__Bacteroides.s__Bacteroides_massiliensis	10.0623172671
PWY-6122: 5-aminoimidazole ribonucleotide biosynthesis II|g__Alistipes.s__Alistipes_finegoldii	8.8011366960
PWY-6277: superpathway of 5-aminoimidazole ribonucleotide biosynthesis	162.7205688692
PWY-6277: superpathway of 5-aminoimidazole ribonucleotide biosynthesis|unclassified	76.6949788680
PWY-6277: superpathway of 5-aminoimidazole ribonucleotide biosynthesis|g__Faecalibacterium.s__Faecalibacterium_prausnitzii	22.1042143811
PWY-6277: superpathway of 5-aminoimidazole ribonucleotide biosynthesis|g__Alistipes.s__Alistipes_putredinis	19.7083395913
PWY-6277: superpathway of 5-aminoimidazole ribonucleotide biosynthesis|g__Lachnospiraceae_unclassified.s__Eubacterium_rectale	15.6684312724
PWY-6277: superpathway of 5-aminoimidazole ribonucleotide biosynthesis|g__Roseburia.s__Roseburia_faecis	10.1164664348
PWY-6277: superpathway of 5-aminoimidazole ribonucleotide biosynthesis|g__Bacteroides.s__Bacteroides_massiliensis	10.0623172671
PWY-6277: superpathway of 5-aminoimidazole ribonucleotide biosynthesis|g__Alistipes.s__Alistipes_finegoldii	8.8011366960
ARGSYN-PWY: L-arginine biosynthesis I (via L-ornithine)	160.6077836553
ARGSYN-PWY: L-arginine biosynthesis I (via L-ornithine)|unclassified	65.4149877579
ARGSYN-PWY: L-arginine biosynthesis I (via L-ornithine)|g__Faecalibacterium.s__Faecalibacterium_prausnitzii	25.4225709612
ARGSYN-PWY: L-arginine biosynthesis I (via L-ornithine)|g__Lachnospiraceae_unclassified.s__Eubacterium_rectale	22.0182447881
COA-PWY-1: superpathway of coenzyme A biosynthesis III (mammals)	160.3307442140
COA-PWY-1: superpathway of coenzyme A biosynthesis III (mammals)|unclassified	50.8914986830
COA-PWY-1: superpathway of coenzyme A biosynthesis III (mammals)|g__Alistipes.s__Alistipes_putredinis	26.6509320212
COA-PWY-1: superpathway of coenzyme A biosynthesis III (mammals)|g__Roseburia.s__Roseburia_faecis	17.1175258938
COA-PWY-1: superpathway of coenzyme A biosynthesis III (mammals)|g__Lachnospiraceae_unclassified.s__Eubacterium_rectale	10.5612113085
PWY-5695: inosine 5'-phosphate degradation	159.5844023727
PWY-5695: inosine 5'-phosphate degradation|unclassified	81.2195290613
PWY-5695: inosine 5'-phosphate degradation|g__Bacteroides.s__Bacteroides_massiliensis	13.7361585571
PWY-5695: inosine 5'-phosphate degradation|g__Alistipes.s__Alistipes_putredinis	12.0699845938
PWY-5695: inosine 5'-phosphate degradation|g__Faecalibacterium.s__Faecalibacterium_prausnitzii	11.6667500240
CALVIN-PWY: Calvin-Benson-Bassham cycle	159.1626657177
CALVIN-PWY: Calvin-Benson-Bassham cycle|unclassified	60.6181217918
CALVIN-PWY: Calvin-Benson-Bassham cycle|g__Roseburia.s__Roseburia_faecis	18.7585074421
CALVIN-PWY: Calvin-Benson-Bassham cycle|g__Lachnospiraceae_unclassified.s__Eubacterium_rectale	15.3083977269
PWY-7111: pyruvate fermentation to isobutanol (engineered)	156.5967020029
PWY-7111: pyruvate fermentation to isobutanol (engineered)|unclassified	82.2252405097
PWY-7111: pyruvate fermentation to isobutanol (engineered)|g__Roseburia.s__Roseburia_faecis	12.4366288863
PWY-7111: pyruvate fermentation to isobutanol (engineered)|g__Faecalibacterium.s__Faecalibacterium_prausnitzii	4.3483966482
PWY-6121: 5-aminoimidazole ribonucleotide biosynthesis I	154.8682350560
PWY-6121: 5-aminoimidazole ribonucleotide biosynthesis I|unclassified	72.4496958431
PWY-6121: 5-aminoimidazole ribonucleotide biosynthesis I|g__Faecalibacterium.s__Faecalibacterium_prausnitzii	22.1573558668
PWY-6121: 5-aminoimidazole ribonucleotide biosynthesis I|g__Alistipes.s__Alistipes_putredinis	19.9129797775
PWY-6121: 5-aminoimidazole ribonucleotide biosynthesis I|g__Lachnospiraceae_unclassified.s__Eubacterium_rectale	12.4555809049
PWY-6121: 5-aminoimidazole ribonucleotide biosynthesis I|g__Roseburia.s__Roseburia_faecis	10.9874028646
PWY-6121: 5-aminoimidazole ribonucleotide biosynthesis I|g__Bacteroides.s__Bacteroides_massiliensis	9.9933018288
PWY-7221: guanosine ribonucleotides de novo biosynthesis	153.5786905216
PWY-7221: guanosine ribonucleotides de novo biosynthesis|unclassified	71.7282163654
PWY-7221: guanosine ribonucleotides de novo biosynthesis|g__Alistipes.s__Alistipes_putredinis	22.4436003988
PWY-7221: guanosine ribonucleotides de novo biosynthesis|g__Roseburia.s__Roseburia_faecis	12.6861712091
PWY-7221: guanosine ribonucleotides de novo biosynthesis|g__Bacteroides.s__Bacteroides_massiliensis	10.7890691445
PWY-7221: guanosine ribonucleotides de novo biosynthesis|g__Lachnospiraceae_unclassified.s__Eubacterium_rectale	10.4081747133
PWY-7221: guanosine ribonucleotides de novo biosynthesis|g__Faecalibacterium.s__Faecalibacterium_prausnitzii	10.1775757367
COMPLETE-ARO-PWY: superpathway of aromatic amino acid biosynthesis	153.2617081560
COMPLETE-ARO-PWY: superpathway of aromatic amino acid biosynthesis|unclassified	75.4137464733
COMPLETE-ARO-PWY: superpathway of aromatic amino acid biosynthesis|g__Lachnospiraceae_unclassified.s__Eubacterium_rectale	16.0073409330
PWY-6163: chorismate biosynthesis from 3-dehydroquinate	150.6070014555
PWY-6163: chorismate biosynthesis from 3-dehydroquinate|unclassified	71.2602271531
PWY-6163: chorismate biosynthesis from 3-dehydroquinate|g__Lachnospiraceae_unclassified.s__Eubacterium_rectale	19.2284437424
PWY-6163: chorismate biosynthesis from 3-dehydroquinate|g__Faecalibacterium.s__Faecalibacterium_prausnitzii	17.9179014339
PWY-6163: chorismate biosynthesis from 3-dehydroquinate|g__Bacteroides.s__Bacteroides_massiliensis	16.6410462991
PWY-6163: chorismate biosynthesis from 3-dehydroquinate|g__Roseburia.s__Roseburia_faecis	12.7762447842
ARO-PWY: chorismate biosynthesis I	148.4151432654
ARO-PWY: chorismate biosynthesis I|unclassified	72.9033150084
ARO-PWY: chorismate biosynthesis I|g__Faecalibacterium.s__Faecalibacterium_prausnitzii	21.0238423581
ARO-PWY: chorismate biosynthesis I|g__Lachnospiraceae_unclassified.s__Eubacterium_rectale	16.0494986579
ARO-PWY: chorismate biosynthesis I|g__Roseburia.s__Roseburia_faecis	11.4131102638
COA-PWY: coenzyme A biosynthesis I (prokaryotic)	147.0258945788
COA-PWY: coenzyme A biosynthesis I (prokaryotic)|unclassified	47.1775658073
COA-PWY: coenzyme A biosynthesis I (prokaryotic)|g__Alistipes.s__Alistipes_putredinis	25.3351785306
COA-PWY: coenzyme A biosynthesis I (prokaryotic)|g__Bacteroides.s__Bacteroides_massiliensis	18.1532714169
COA-PWY: coenzyme A biosynthesis I (prokaryotic)|g__Lachnospiraceae_unclassified.s__Eubacterium_rectale	17.9249636250
COA-PWY: coenzyme A biosynthesis I (prokaryotic)|g__Roseburia.s__Roseburia_faecis	16.8415706838
COA-PWY: coenzyme A biosynthesis I (prokaryotic)|g__Faecalibacterium.s__Faecalibacterium_prausnitzii	7.7070719890
PWY-7851: coenzyme A biosynthesis II (eukaryotic)	147.0258945788
PWY-7851: coenzyme A biosynthesis II (eukaryotic)|unclassified	47.1775658073
PWY-7851: coenzyme A biosynthesis II (eukaryotic)|g__Alistipes.s__Alistipes_putredinis	25.3351785306
PWY-7851: coenzyme A biosynthesis II (eukaryotic)|g__Roseburia.s__Roseburia_faecis	15.4298707434
PWY-7851: coenzyme A biosynthesis II (eukaryotic)|g__Lachnospiraceae_unclassified.s__Eubacterium_rectale	8.9270670855
PWY-5667: CDP-diacylglycerol biosynthesis I	142.8563958601
PWY-5667: CDP-diacylglycerol biosynthesis I|unclassified	60.2404883721
PWY-5667: CDP-diacylglycerol biosynthesis I|g__Lachnospiraceae_unclassified.s__Eubacterium_rectale	18.0930507478
PWY-5667: CDP-diacylglycerol biosynthesis I|g__Faecalibacterium.s__Faecalibacterium_prausnitzii	16.8565121700
PWY-5667: CDP-diacylglycerol biosynthesis I|g__Roseburia.s__Roseburia_faecis	8.5313199739
PWY0-1319: CDP-diacylglycerol biosynthesis II	142.8563958601
PWY0-1319: CDP-diacylglycerol biosynthesis II|unclassified	60.2404883721
PWY0-1319: CDP-diacylglycerol biosynthesis II|g__Lachnospiraceae_unclassified.s__Eubacterium_rectale	18.0930507478
PWY0-1319: CDP-diacylglycerol biosynthesis II|g__Faecalibacterium.s__Faecalibacterium_prausnitzii	16.8565121700
PWY0-1319: CDP-diacylglycerol biosynthesis II|g__Roseburia.s__Roseburia_faecis	8.5313199739
ANAGLYCOLYSIS-PWY: glycolysis III (from glucose)	140.8059524483
ANAGLYCOLYSIS-PWY: glycolysis III (from glucose)|unclassified	43.9350684620
ANAGLYCOLYSIS-PWY: glycolysis III (from glucose)|g__Lachnospiraceae_unclassified.s__Eubacterium_rectale	16.7724819998
ANAGLYCOLYSIS-PWY: glycolysis III (from glucose)|g__Roseburia.s__Roseburia_faecis	11.6153619372
1CMET2-PWY: folate transformations III (E. coli)	139.6155996636
1CMET2-PWY: folate transformations III (E. coli)|unclassified	62.6499727411
1CMET2-PWY: folate transformations III (E. coli)|g__Alistipes.s__Alistipes_putredinis	18.0245384061
1CMET2-PWY: folate transformations III (E. coli)|g__Bacteroides.s__Bacteroides_massiliensis	12.6474595131
1CMET2-PWY: folate transformations III (E. coli)|g__Roseburia.s__Roseburia_faecis	8.8270475277
PWY-6123: inosine-5'-phosphate biosynthesis I	137.1152698479
PWY-6123: inosine-5'-phosphate biosynthesis I|unclassified	51.4685893507
PWY-6123: inosine-5'-phosphate biosynthesis I|g__Alistipes.s__Alistipes_putredinis	18.3087067654
PWY-6123: inosine-5'-phosphate biosynthesis I|g__Faecalibacterium.s__Faecalibacterium_prausnitzii	17.6765074602
PWY-6123: inosine-5'-phosphate biosynthesis I|g__Bacteroides.s__Bacteroides_massiliensis	14.2165282948
PANTOSYN-PWY: superpathway of coenzyme A biosynthesis I (bacteria)	133.1722935013
PANTOSYN-PWY: superpathway of coenzyme A biosynthesis I (bacteria)|unclassified	45.8871584383
PANTOSYN-PWY: superpathway of coenzyme A biosynthesis I (bacteria)|g__Alistipes.s__Alistipes_putredinis	19.0780050789
PANTOSYN-PWY: superpathway of coenzyme A biosynthesis I (bacteria)|g__Bacteroides.s__Bacteroides_massiliensis	13.4623524648
PANTOSYN-PWY: superpathway of coenzyme A biosynthesis I (bacteria)|g__Lachnospiraceae_unclassified.s__Eubacterium_rectale	12.3481648653
PANTOSYN-PWY: superpathway of coenzyme A biosynthesis I (bacteria)|g__Roseburia.s__Roseburia_faecis	9.4208167125
PWY-5097: L-lysine biosynthesis VI	129.7269502927
PWY-5097: L-lysine biosynthesis VI|unclassified	61.3520737531
PWY-5097: L-lysine biosynthesis VI|g__Faecalibacterium.s__Faecalibacterium_prausnitzii	17.6676783408
PWY-5097: L-lysine biosynthesis VI|g__Bacteroides.s__Bacteroides_massiliensis	10.1174805189
PWY-6124: inosine-5'-phosphate biosynthesis II	129.7026854808
PWY-6124: inosine-5'-phosphate biosynthesis II|unclassified	47.2214840915
PWY-6124: inosine-5'-phosphate biosynthesis II|g__Faecalibacterium.s__Faecalibacterium_prausnitzii	23.5020202914
PWY-6124: inosine-5'-phosphate biosynthesis II|g__Alistipes.s__Alistipes_putredinis	16.3740815522
PWY-6124: inosine-5'-phosphate biosynthesis II|g__Bacteroides.s__Bacteroides_massiliensis	13.2098827212
PWY-6124: inosine-5'-phosphate biosynthesis II|g__Alistipes.s__Alistipes_finegoldii	9.1644414007
GLUTORN-PWY: L-ornithine biosynthesis I	126.7670350049
GLUTORN-PWY: L-ornithine biosynthesis I|unclassified	77.8353911511
GLUTORN-PWY: L-ornithine biosynthesis I|g__Faecalibacterium.s__Faecalibacterium_prausnitzii	16.2347741157
GLUTORN-PWY: L-ornithine biosynthesis I|g__Lachnospiraceae_unclassified.s__Eubacterium_rectale	16.0485223570
PWY-6151: S-adenosyl-L-methionine salvage I	121.5739810113
PWY-6151: S-adenosyl-L-methionine salvage I|unclassified	46.5241432255
PWY-6151: S-adenosyl-L-methionine salvage I|g__Faecalibacterium.s__Faecalibacterium_prausnitzii	26.3529969845
PWY-6151: S-adenosyl-L-methionine salvage I|g__Lachnospiraceae_unclassified.s__Eubacterium_rectale	17.6974343096
PWY-6151: S-adenosyl-L-methionine salvage I|g__Roseburia.s__Roseburia_faecis	10.4375970262
PANTO-PWY: phosphopantothenate biosynthesis I	120.7827785994
PANTO-PWY: phosphopantothenate biosynthesis I|unclassified	39.9138738479
PANTO-PWY: phosphopantothenate biosynthesis I|g__Alistipes.s__Alistipes_putredinis	27.8423771077
PANTO-PWY: phosphopantothenate biosynthesis I|g__Bacteroides.s__Bacteroides_massiliensis	15.7412754329
PANTO-PWY: phosphopantothenate biosynthesis I|g__Lachnospiraceae_unclassified.s__Eubacterium_rectale	14.6009160130
PANTO-PWY: phosphopantothenate biosynthesis I|g__Roseburia.s__Roseburia_faecis	13.2812379034
PWY-7977: L-methionine biosynthesis IV	118.7899187473
PWY-7977: L-methionine biosynthesis IV|unclassified	58.0031841408
PWY-7977: L-methionine biosynthesis IV|g__Alistipes.s__Alistipes_putredinis	19.4494240218
PWY-7977: L-methionine biosynthesis IV|g__Faecalibacterium.s__Faecalibacterium_prausnitzii	14.4778185087
PWY-7977: L-methionine biosynthesis IV|g__Bacteroides.s__Bacteroides_massiliensis	13.8818310295
HSERMETANA-PWY: L-methionine biosynthesis III	117.7868839415
HSERMETANA-PWY: L-methionine biosynthesis III|unclassified	64.5721860396
HSERMETANA-PWY: L-methionine biosynthesis III|g__Faecalibacterium.s__Faecalibacterium_prausnitzii	17.2121290862
HSERMETANA-PWY: L-methionine biosynthesis III|g__Roseburia.s__Roseburia_faecis	11.8223528973
PWY-5973: cis-vaccenate biosynthesis	117.6976599629
PWY-5973: cis-vaccenate biosynthesis|unclassified	21.4055978018
PWY-5973: cis-vaccenate biosynthesis|g__Alistipes.s__Alistipes_finegoldii	18.6085678961
PWY-8178: pentose phosphate pathway (non-oxidative branch) II	112.6130923906
PWY-8178: pentose phosphate pathway (non-oxidative branch) II|unclassified	45.5495908265
PWY-8178: pentose phosphate pathway (non-oxidative branch) II|g__Lachnospiraceae_unclassified.s__Eubacterium_rectale	16.6300597598
HISTSYN-PWY: L-histidine biosynthesis	110.8034289092
HISTSYN-PWY: L-histidine biosynthesis|unclassified	59.6776660972
HISTSYN-PWY: L-histidine biosynthesis|g__Bacteroides.s__Bacteroides_massiliensis	12.2162378995
PWY-6897: thiamine diphosphate salvage II	108.8965780343
PWY-6897: thiamine diphosphate salvage II|unclassified	19.8009053471
PWY-6897: thiamine diphosphate salvage II|g__Faecalibacterium.s__Faecalibacterium_prausnitzii	15.5489828749
PWY-6897: thiamine diphosphate salvage II|g__Lachnospiraceae_unclassified.s__Eubacterium_rectale	13.7175248712
PWY-724: superpathway of L-lysine, L-threonine and L-methionine biosynthesis II	108.6321193047
PWY-724: superpathway of L-lysine, L-threonine and L-methionine biosynthesis II|unclassified	56.4272346689
NONOXIPENT-PWY: pentose phosphate pathway (non-oxidative branch) I	106.5426566000
NONOXIPENT-PWY: pentose phosphate pathway (non-oxidative branch) I|unclassified	44.4826097747
NONOXIPENT-PWY: pentose phosphate pathway (non-oxidative branch) I|g__Roseburia.s__Roseburia_faecis	23.5336556098
NONOXIPENT-PWY: pentose phosphate pathway (non-oxidative branch) I|g__Lachnospiraceae_unclassified.s__Eubacterium_rectale	18.0871371758
PWY-3001: superpathway of L-isoleucine biosynthesis I	105.9251552690
PWY-3001: superpathway of L-isoleucine biosynthesis I|unclassified	59.2280881292
PWY-7663: gondoate biosynthesis (anaerobic)	104.5853066050
PWY-7663: gondoate biosynthesis (anaerobic)|unclassified	37.3699517760
PWY-7663: gondoate biosynthesis (anaerobic)|g__Alistipes.s__Alistipes_finegoldii	18.4729592927
PWY66-429: fatty acid biosynthesis initiation (mitochondria)	104.5488323808
PWY66-429: fatty acid biosynthesis initiation (mitochondria)|g__Clostridium.s__Clostridium_sp_CAG_245	33.1281616870
PWY66-429: fatty acid biosynthesis initiation (mitochondria)|g__Bacteroides.s__Bacteroides_massiliensis	17.3922462069
PWY66-429: fatty acid biosynthesis initiation (mitochondria)|unclassified	13.5467426883
PWY-5941: glycogen degradation II	103.5656039352
PWY-5941: glycogen degradation II|unclassified	53.4722982750
PWY-5941: glycogen degradation II|g__Roseburia.s__Roseburia_faecis	18.1704926587
PWY-7357: thiamine phosphate formation from pyrithiamine and oxythiamine (yeast)	103.2462658847
PWY-7357: thiamine phosphate formation from pyrithiamine and oxythiamine (yeast)|g__Roseburia.s__Roseburia_faecis	22.3737892154
PWY-7357: thiamine phosphate formation from pyrithiamine and oxythiamine (yeast)|g__Lachnospiraceae_unclassified.s__Eubacterium_rectale	18.7728575143
PWY-7357: thiamine phosphate formation from pyrithiamine and oxythiamine (yeast)|unclassified	17.7270138827
PWY-7357: thiamine phosphate formation from pyrithiamine and oxythiamine (yeast)|g__Faecalibacterium.s__Faecalibacterium_prausnitzii	17.7041303426
PWY-6629: superpathway of L-tryptophan biosynthesis	103.0996448606
PWY-6629: superpathway of L-tryptophan biosynthesis|unclassified	40.2376541377
PWY-6629: superpathway of L-tryptophan biosynthesis|g__Lachnospiraceae_unclassified.s__Eubacterium_rectale	14.6643439784
PYRIDNUCSYN-PWY: NAD de novo biosynthesis I (from aspartate)	99.5504138729
PYRIDNUCSYN-PWY: NAD de novo biosynthesis I (from aspartate)|unclassified	42.8719302095
PYRIDNUCSYN-PWY: NAD de novo biosynthesis I (from aspartate)|g__Alistipes.s__Alistipes_putredinis	19.9368009013
PWY-2942: L-lysine biosynthesis III	99.2491489166
PWY-2942: L-lysine biosynthesis III|unclassified	51.0017069204
RIBOSYN2-PWY: flavin biosynthesis I (bacteria and plants)	97.4087065862
RIBOSYN2-PWY: flavin biosynthesis I (bacteria and plants)|unclassified	32.7883337269
RIBOSYN2-PWY: flavin biosynthesis I (bacteria and plants)|g__Lachnospiraceae_unclassified.s__Eubacterium_rectale	16.8823233617
RIBOSYN2-PWY: flavin biosynthesis I (bacteria and plants)|g__Roseburia.s__Roseburia_faecis	12.3888450827
RIBOSYN2-PWY: flavin biosynthesis I (bacteria and plants)|g__Faecalibacterium.s__Faecalibacterium_prausnitzii	9.9371717608
PWY0-1586: peptidoglycan maturation (meso-diaminopimelate containing)	97.2924984001
PWY0-1586: peptidoglycan maturation (meso-diaminopimelate containing)|unclassified	62.4008781065
PWY-7199: pyrimidine deoxyribonucleosides salvage	94.8864594055
PWY-7199: pyrimidine deoxyribonucleosides salvage|unclassified	18.5597653547
PWY-7199: pyrimidine deoxyribonucleosides salvage|g__Bacteroides.s__Bacteroides_massiliensis	16.1219877736
PWY-7234: inosine-5'-phosphate biosynthesis III	92.1782378669
PWY-7234: inosine-5'-phosphate biosynthesis III|unclassified	43.1401896781
PWY-7234: inosine-5'-phosphate biosynthesis III|g__Alistipes.s__Alistipes_putredinis	17.1575233732
PWY-6317: D-galactose degradation I (Leloir pathway)	90.4897967536
PWY-6317: D-galactose degradation I (Leloir pathway)|unclassified	34.1016242681
PWY-6317: D-galactose degradation I (Leloir pathway)|g__Faecalibacterium.s__Faecalibacterium_prausnitzii	20.4461682965
PWY-6317: D-galactose degradation I (Leloir pathway)|g__Roseburia.s__Roseburia_faecis	8.6484942997
THRESYN-PWY: superpathway of L-threonine biosynthesis	89.5855663652
THRESYN-PWY: superpathway of L-threonine biosynthesis|unclassified	53.9139399526
THRESYN-PWY: superpathway of L-threonine biosynthesis|g__Bacteroides.s__Bacteroides_massiliensis	13.4557502680
THISYN-PWY: superpathway of thiamine diphosphate biosynthesis I	89.5064178623
THISYN-PWY: superpathway of thiamine diphosphate biosynthesis I|unclassified	28.9376102739
PWY-6527: stachyose degradation	88.3166344964
PWY-6527: stachyose degradation|unclassified	34.0005388128
PWY-6527: stachyose degradation|g__Lachnospiraceae_unclassified.s__Eubacterium_rectale	16.7247800382
PWY-6527: stachyose degradation|g__Roseburia.s__Roseburia_faecis	9.3299759665
PWY-6823: molybdopterin biosynthesis	86.3107066017
PWY-6823: molybdopterin biosynthesis|g__Faecalibacterium.s__Faecalibacterium_prausnitzii	31.6459053583
PWY-6823: molybdopterin biosynthesis|unclassified	20.7138432781
PWY-6823: molybdopterin biosynthesis|g__Lachnospiraceae_unclassified.s__Eubacterium_rectale	18.5122143252
PWY-6823: molybdopterin biosynthesis|g__Roseburia.s__Roseburia_faecis	14.4259962290
SER-GLYSYN-PWY: superpathway of L-serine and glycine biosynthesis I	85.6340687831
SER-GLYSYN-PWY: superpathway of L-serine and glycine biosynthesis I|unclassified	39.0467976841
SER-GLYSYN-PWY: superpathway of L-serine and glycine biosynthesis I|g__Alistipes.s__Alistipes_putredinis	14.1284805832
SER-GLYSYN-PWY: superpathway of L-serine and glycine biosynthesis I|g__Alistipes.s__Alistipes_finegoldii	12.1469950117
SER-GLYSYN-PWY: superpathway of L-serine and glycine biosynthesis I|g__Roseburia.s__Roseburia_faecis	9.3648198844
GLUCONEO-PWY: gluconeogenesis I	81.1020097257
GLUCONEO-PWY: gluconeogenesis I|unclassified	31.3137953626
PWY-7229: superpathway of adenosine nucleotides de novo biosynthesis I	76.0681188621
PWY-7229: superpathway of adenosine nucleotides de novo biosynthesis I|unclassified	39.2868494832
PWY-7229: superpathway of adenosine nucleotides de novo biosynthesis I|g__Bacteroides.s__Bacteroides_massiliensis	12.8840308887
FASYN-ELONG-PWY: fatty acid elongation -- saturated	75.3708159343
FASYN-ELONG-PWY: fatty acid elongation -- saturated|unclassified	24.3908182731
FASYN-ELONG-PWY: fatty acid elongation -- saturated|g__Alistipes.s__Alistipes_finegoldii	14.0597384560
P41-PWY: pyruvate fermentation to acetate and (S)-lactate I	73.4068611077
P41-PWY: pyruvate fermentation to acetate and (S)-lactate I|unclassified	36.8196079429
P41-PWY: pyruvate fermentation to acetate and (S)-lactate I|g__Lachnospiraceae_unclassified.s__Eubacterium_rectale	12.4054819510
PWY-5100: pyruvate fermentation to acetate and lactate II	73.4068611077
PWY-5100: pyruvate fermentation to acetate and lactate II|unclassified	36.8196079429
PWY-5100: pyruvate fermentation to acetate and lactate II|g__Lachnospiraceae_unclassified.s__Eubacterium_rectale	12.4054819510
TRPSYN-PWY: L-tryptophan biosynthesis	73.3409025885
TRPSYN-PWY: L-tryptophan biosynthesis|unclassified	25.0428957256
TRPSYN-PWY: L-tryptophan biosynthesis|g__Lachnospiraceae_unclassified.s__Eubacterium_rectale	14.5593614663
TRPSYN-PWY: L-tryptophan biosynthesis|g__Roseburia.s__Roseburia_faecis	12.4745968353
PWY-7664: oleate biosynthesis IV (anaerobic)	72.8517369729
PWY-7664: oleate biosynthesis IV (anaerobic)|unclassified	23.0267534524
PWY-7664: oleate biosynthesis IV (anaerobic)|g__Alistipes.s__Alistipes_finegoldii	13.6017746647
PWY-6628: superpathway of L-phenylalanine biosynthesis	71.1812394782
PWY-6628: superpathway of L-phenylalanine biosynthesis|unclassified	25.6536711870
PHOSLIPSYN-PWY: superpathway of phospholipid biosynthesis I (bacteria)	69.8071560107
PHOSLIPSYN-PWY: superpathway of phospholipid biosynthesis I (bacteria)|unclassified	37.4551184140
PWY0-862: (5Z)-dodecenoate biosynthesis I	69.7437266666
PWY0-862: (5Z)-dodecenoate biosynthesis I|unclassified	21.4288647076
PWY0-862: (5Z)-dodecenoate biosynthesis I|g__Alistipes.s__Alistipes_finegoldii	13.0356334444
PWY-7400: L-arginine biosynthesis IV (archaebacteria)	69.0383766245
PWY-7400: L-arginine biosynthesis IV (archaebacteria)|unclassified	43.5740801476
PWY-6282: palmitoleate biosynthesis I (from (5Z)-dodec-5-enoate)	66.7344949610
PWY-6282: palmitoleate biosynthesis I (from (5Z)-dodec-5-enoate)|unclassified	21.3533807295
PWY-6282: palmitoleate biosynthesis I (from (5Z)-dodec-5-enoate)|g__Alistipes.s__Alistipes_finegoldii	12.7954412103
COBALSYN-PWY: superpathway of adenosylcobalamin salvage from cobinamide I	65.7671650463
COBALSYN-PWY: superpathway of adenosylcobalamin salvage from cobinamide I|g__Faecalibacterium.s__Faecalibacterium_prausnitzii	22.6213606543
COBALSYN-PWY: superpathway of adenosylcobalamin salvage from cobinamide I|unclassified	10.3127428014
GLYCOLYSIS: glycolysis I (from glucose 6-phosphate)	65.7192975223
GLYCOLYSIS: glycolysis I (from glucose 6-phosphate)|unclassified	39.4466357810
PWY-5989: stearate biosynthesis II (bacteria and plants)	65.3658103860
PWY-5989: stearate biosynthesis II (bacteria and plants)|unclassified	21.6367690013
PWY-5989: stearate biosynthesis II (bacteria and plants)|g__Alistipes.s__Alistipes_finegoldii	11.3386361958
ANAEROFRUCAT-PWY: homolactic fermentation	64.8203913586
ANAEROFRUCAT-PWY: homolactic fermentation|unclassified	35.0925860799
PWY-6936: seleno-amino acid biosynthesis (plants)	64.2461835985
PWY-6936: seleno-amino acid biosynthesis (plants)|unclassified	27.2922211713
PWY-6936: seleno-amino acid biosynthesis (plants)|g__Faecalibacterium.s__Faecalibacterium_prausnitzii	12.8861524349
PWY-6936: seleno-amino acid biosynthesis (plants)|g__Roseburia.s__Roseburia_faecis	10.8231086428
PWY-841: superpathway of purine nucleotides de novo biosynthesis I	63.8717033952
PWY-841: superpathway of purine nucleotides de novo biosynthesis I|unclassified	34.6565996552
PWY-8187: L-arginine degradation XIII (reductive Stickland reaction)	63.7254353665
PWY-8187: L-arginine degradation XIII (reductive Stickland reaction)|unclassified	49.3735045800
PWY-5484: glycolysis II (from fructose 6-phosphate)	62.3147557619
PWY-5484: glycolysis II (from fructose 6-phosphate)|unclassified	34.7340606045
ASPASN-PWY: superpathway of L-aspartate and L-asparagine biosynthesis	61.3456408529
ASPASN-PWY: superpathway of L-aspartate and L-asparagine biosynthesis|unclassified	32.3523913316
ASPASN-PWY: superpathway of L-aspartate and L-asparagine biosynthesis|g__Bacteroides.s__Bacteroides_massiliensis	13.3620896316
PWY-5030: L-histidine degradation III	60.0480820695
PWY-5030: L-histidine degradation III|unclassified	18.8091599724
PWY-5030: L-histidine degradation III|g__Alistipes.s__Alistipes_putredinis	15.4020122537
PWY-5030: L-histidine degradation III|g__Bacteroides.s__Bacteroides_massiliensis	15.3145843438
PWY-5345: superpathway of L-methionine biosynthesis (by sulfhydrylation)	58.4408590147
PWY-5345: superpathway of L-methionine biosynthesis (by sulfhydrylation)|unclassified	25.6611078232
PWY-6630: superpathway of L-tyrosine biosynthesis	58.2319312165
PWY-6630: superpathway of L-tyrosine biosynthesis|unclassified	26.0915824741
PWY-6168: flavin biosynthesis III (fungi)	56.6808438639
PWY-6168: flavin biosynthesis III (fungi)|unclassified	27.5409972690
PWY0-162: superpathway of pyrimidine ribonucleotides de novo biosynthesis	55.0353651319
PWY0-162: superpathway of pyrimidine ribonucleotides de novo biosynthesis|unclassified	39.9863335386
PWY-6353: purine nucleotides degradation II (aerobic)	54.7806051186
PWY-6353: purine nucleotides degradation II (aerobic)|unclassified	40.7770878651
PWY-7345: superpathway of anaerobic sucrose degradation	53.3526702346
P441-PWY: superpathway of N-acetylneuraminate degradation	52.9939122416
P441-PWY: superpathway of N-acetylneuraminate degradation|unclassified	23.9387549036
DAPLYSINESYN-PWY: L-lysine biosynthesis I	52.5527311583
DAPLYSINESYN-PWY: L-lysine biosynthesis I|unclassified	39.8796533510
PWY-7761: NAD salvage pathway II (PNC IV cycle)	52.1799234324
PWY-7761: NAD salvage pathway II (PNC IV cycle)|unclassified	20.0371633190
PWY4FS-7: phosphatidylglycerol biosynthesis I (plastidic)	51.9178208656
PWY4FS-7: phosphatidylglycerol biosynthesis I (plastidic)|unclassified	33.8153022580
PWY4FS-8: phosphatidylglycerol biosynthesis II (non-plastidic)	51.9178208656
PWY4FS-8: phosphatidylglycerol biosynthesis II (non-plastidic)|unclassified	33.8153022580
PWY-6126: superpathway of adenosine nucleotides de novo biosynthesis II	51.8989146228
PWY-6126: superpathway of adenosine nucleotides de novo biosynthesis II|unclassified	29.2311438825
PWY-6126: superpathway of adenosine nucleotides de novo biosynthesis II|g__Bacteroides.s__Bacteroides_massiliensis	11.2235031805
PWY-6608: guanosine nucleotides degradation III	51.2905652417
PWY-6608: guanosine nucleotides degradation III|unclassified	35.4077153319
PWY-6608: guanosine nucleotides degradation III|g__Faecalibacterium.s__Faecalibacterium_prausnitzii	11.6667500240
THISYNARA-PWY: superpathway of thiamine diphosphate biosynthesis III (eukaryotes)	50.6084106784
THISYNARA-PWY: superpathway of thiamine diphosphate biosynthesis III (eukaryotes)|g__Lachnospiraceae_unclassified.s__Eubacterium_rectale	15.4884082049
THISYNARA-PWY: superpathway of thiamine diphosphate biosynthesis III (eukaryotes)|g__Roseburia.s__Roseburia_faecis	11.3053054795
THISYNARA-PWY: superpathway of thiamine diphosphate biosynthesis III (eukaryotes)|unclassified	10.9659293800
HISDEG-PWY: L-histidine degradation I	50.4267138725
HISDEG-PWY: L-histidine degradation I|g__Alistipes.s__Alistipes_putredinis	15.3296699250
HISDEG-PWY: L-histidine degradation I|g__Bacteroides.s__Bacteroides_massiliensis	15.2018113672
HISDEG-PWY: L-histidine degradation I|unclassified	15.1258300063
PWY-7560: methylerythritol phosphate pathway II	49.6402429733
PWY-7560: methylerythritol phosphate pathway II|unclassified	38.6121951650
PWY66-409: superpathway of purine nucleotide salvage	48.7160316271
PWY66-409: superpathway of purine nucleotide salvage|unclassified	33.2338775851
SULFATE-CYS-PWY: superpathway of sulfate assimilation and cysteine biosynthesis	47.1813058261
SULFATE-CYS-PWY: superpathway of sulfate assimilation and cysteine biosynthesis|unclassified	19.8944706395
PWY-5154: L-arginine biosynthesis III (via N-acetyl-L-citrulline)	46.1147710471
PWY-5154: L-arginine biosynthesis III (via N-acetyl-L-citrulline)|unclassified	11.4272490756
PWY-6901: superpathway of glucose and xylose degradation	45.8447470284
PWY-6901: superpathway of glucose and xylose degradation|unclassified	27.9638852480
PWY-7242: D-fructuronate degradation	45.6266345179
PWY-7242: D-fructuronate degradation|g__Faecalibacterium.s__Faecalibacterium_prausnitzii	29.7510285585
PWY-7242: D-fructuronate degradation|unclassified	12.1811060938
PWY-6507: 4-deoxy-L-threo-hex-4-enopyranuronate degradation	45.3774232949
PWY-6507: 4-deoxy-L-threo-hex-4-enopyranuronate degradation|g__Faecalibacterium.s__Faecalibacterium_prausnitzii	26.2525062505
PWY-6507: 4-deoxy-L-threo-hex-4-enopyranuronate degradation|unclassified	13.2967235623
SALVADEHYPOX-PWY: adenosine nucleotides degradation II	44.6572012217
SALVADEHYPOX-PWY: adenosine nucleotides degradation II|unclassified	29.2548471515
SALVADEHYPOX-PWY: adenosine nucleotides degradation II|g__Faecalibacterium.s__Faecalibacterium_prausnitzii	11.2506781925
GLUCUROCAT-PWY: superpathway of &beta;-D-glucuronosides degradation	44.5394396558
GLUCUROCAT-PWY: superpathway of &beta;-D-glucuronosides degradation|g__Faecalibacterium.s__Faecalibacterium_prausnitzii	18.3705233028
GLUCUROCAT-PWY: superpathway of &beta;-D-glucuronosides degradation|unclassified	15.1939432866
PWY-7228: superpathway of guanosine nucleotides de novo biosynthesis I	44.0852281192
PWY-7228: superpathway of guanosine nucleotides de novo biosynthesis I|unclassified	26.6530042037
PWY-7228: superpathway of guanosine nucleotides de novo biosynthesis I|g__Bacteroides.s__Bacteroides_massiliensis	8.9554997688
FERMENTATION-PWY: mixed acid fermentation	43.8737537142
FERMENTATION-PWY: mixed acid fermentation|unclassified	27.3433195670
GLCMANNANAUT-PWY: superpathway of N-acetylglucosamine, N-acetylmannosamine and N-acetylneuraminate degradation	43.2054534996
GLCMANNANAUT-PWY: superpathway of N-acetylglucosamine, N-acetylmannosamine and N-acetylneuraminate degradation|unclassified	23.0565111289
CITRULBIO-PWY: L-citrulline biosynthesis	42.9553247926
CITRULBIO-PWY: L-citrulline biosynthesis|unclassified	26.9883376232
PWY-5130: 2-oxobutanoate degradation I	42.1449459703
PWY-5130: 2-oxobutanoate degradation I|g__Alistipes.s__Alistipes_putredinis	18.0697122946
PWY-1269: CMP-3-deoxy-D-manno-octulosonate biosynthesis	41.4174572373
PWY-1269: CMP-3-deoxy-D-manno-octulosonate biosynthesis|unclassified	25.2435672568
PWY-6270: isoprene biosynthesis I	41.2654194146
PWY-6270: isoprene biosynthesis I|unclassified	32.9727189591
PWY-6147: 6-hydroxymethyl-dihydropterin diphosphate biosynthesis I	41.2629872532
PWY-6147: 6-hydroxymethyl-dihydropterin diphosphate biosynthesis I|g__Alistipes.s__Alistipes_putredinis	12.6470785255
PWY-6147: 6-hydroxymethyl-dihydropterin diphosphate biosynthesis I|unclassified	7.7647970771
PWY-5723: Rubisco shunt	41.1079232442
PWY-5723: Rubisco shunt|unclassified	28.1533592453
PWY-6892: thiazole component of thiamine diphosphate biosynthesis I	41.0534333755
PWY-6892: thiazole component of thiamine diphosphate biosynthesis I|unclassified	28.7637867752
OANTIGEN-PWY: O-antigen building blocks biosynthesis (E. coli)	40.7973002368
OANTIGEN-PWY: O-antigen building blocks biosynthesis (E. coli)|unclassified	27.3511650422
GLYCOLYSIS-E-D: superpathway of glycolysis and the Entner-Doudoroff pathway	39.7577672480
GLYCOLYSIS-E-D: superpathway of glycolysis and the Entner-Doudoroff pathway|unclassified	21.2810940935
PWY-7328: superpathway of UDP-glucose-derived O-antigen building blocks biosynthesis	37.1229217468
PWY-7328: superpathway of UDP-glucose-derived O-antigen building blocks biosynthesis|unclassified	21.2008792483
PWY-6305: superpathway of putrescine biosynthesis	36.7863848819
PWY-6305: superpathway of putrescine biosynthesis|unclassified	24.8578435655
BIOTIN-BIOSYNTHESIS-PWY: biotin biosynthesis I	36.7505861315
BIOTIN-BIOSYNTHESIS-PWY: biotin biosynthesis I|unclassified	20.1411394870
P461-PWY: hexitol fermentation to lactate, formate, ethanol and acetate	36.6497123362
P461-PWY: hexitol fermentation to lactate, formate, ethanol and acetate|unclassified	33.1454592800
PWY-5188: tetrapyrrole biosynthesis I (from glutamate)	36.5649089143
PWY-5188: tetrapyrrole biosynthesis I (from glutamate)|unclassified	18.2407315913
PWY-4984: urea cycle	36.5324376470
PWY-6125: superpathway of guanosine nucleotides de novo biosynthesis II	36.4391801968
PWY-6125: superpathway of guanosine nucleotides de novo biosynthesis II|unclassified	22.4457468474
PWY-6125: superpathway of guanosine nucleotides de novo biosynthesis II|g__Bacteroides.s__Bacteroides_massiliensis	8.4543331859
PWY-6703: preQ0 biosynthesis	36.3160786682
PWY-6703: preQ0 biosynthesis|unclassified	17.0743370243
PWY-6703: preQ0 biosynthesis|g__Bacteroides.s__Bacteroides_massiliensis	10.4859408520
PWY-4041: &gamma;-glutamyl cycle	36.1394189140
PWY-4041: &gamma;-glutamyl cycle|unclassified	23.4160516881
GALACTUROCAT-PWY: D-galacturonate degradation I	35.7346388770
GALACTUROCAT-PWY: D-galacturonate degradation I|g__Faecalibacterium.s__Faecalibacterium_prausnitzii	27.9915128675
GALACTUROCAT-PWY: D-galacturonate degradation I|unclassified	10.4972576109
MET-SAM-PWY: superpathway of S-adenosyl-L-methionine biosynthesis	34.9422136092
MET-SAM-PWY: superpathway of S-adenosyl-L-methionine biosynthesis|unclassified	28.6449465317
PENTOSE-P-PWY: pentose phosphate pathway	34.8854170529
PENTOSE-P-PWY: pentose phosphate pathway|unclassified	21.2622911475
PWY-6969: TCA cycle V (2-oxoglutarate synthase)	34.6972953037
PWY-6969: TCA cycle V (2-oxoglutarate synthase)|unclassified	17.2744941983
TCA: TCA cycle I (prokaryotic)	34.6972953037
TCA: TCA cycle I (prokaryotic)|unclassified	17.2744941983
PWY-7992: superpathway of menaquinol-8 biosynthesis III	34.6345474725
PWY-7992: superpathway of menaquinol-8 biosynthesis III|unclassified	25.7199851226
PWY0-1477: ethanolamine utilization	34.2544548216
PWY0-1477: ethanolamine utilization|unclassified	30.6770747024
PWY-6519: 8-amino-7-oxononanoate biosynthesis I	34.2077668296
PWY-6519: 8-amino-7-oxononanoate biosynthesis I|unclassified	18.3800675185
PWY0-1061: superpathway of L-alanine biosynthesis	33.7349473222
PWY0-1061: superpathway of L-alanine biosynthesis|g__Lachnospiraceae_unclassified.s__Eubacterium_rectale	13.6116605404
PWY0-1061: superpathway of L-alanine biosynthesis|unclassified	9.8645894016
PWY-6895: superpathway of thiamine diphosphate biosynthesis II	33.4774568631
PWY-6895: superpathway of thiamine diphosphate biosynthesis II|unclassified	20.0987221378
PWY-5347: superpathway of L-methionine biosynthesis (transsulfuration)	33.3398314631
PWY-5347: superpathway of L-methionine biosynthesis (transsulfuration)|unclassified	27.5429041529
SO4ASSIM-PWY: assimilatory sulfate reduction I	32.9662604657
SO4ASSIM-PWY: assimilatory sulfate reduction I|unclassified	13.2368796522
RHAMCAT-PWY: L-rhamnose degradation I	32.1751742604
RHAMCAT-PWY: L-rhamnose degradation I|unclassified	24.5078167937
RHAMCAT-PWY: L-rhamnose degradation I|g__Roseburia.s__Roseburia_faecis	7.3318861584
PWY-7208: superpathway of pyrimidine nucleobases salvage	32.1539971712
PWY-7208: superpathway of pyrimidine nucleobases salvage|unclassified	29.5348701065
PWY-621: sucrose degradation III (sucrose invertase)	32.1537969411
PWY-621: sucrose degradation III (sucrose invertase)|g__Roseburia.s__Roseburia_faecis	8.5098097445
METSYN-PWY: superpathway of L-homoserine and L-methionine biosynthesis	32.1142050533
METSYN-PWY: superpathway of L-homoserine and L-methionine biosynthesis|unclassified	28.1999017788
PWY0-1297: superpathway of purine deoxyribonucleosides degradation	31.4171090608
PWY0-1297: superpathway of purine deoxyribonucleosides degradation|unclassified	19.9625601004
PWY-I9: L-cysteine biosynthesis VI (from L-methionine)	31.1057910134
PWY-I9: L-cysteine biosynthesis VI (from L-methionine)|unclassified	25.4053989293
PWY-6292: superpathway of L-cysteine biosynthesis (mammalian)	30.9769654513
PWY-6549: L-glutamine biosynthesis III	30.6041028620
PWY-6549: L-glutamine biosynthesis III|unclassified	25.9229551708
PWY-6606: guanosine nucleotides degradation II	29.6385406669
PWY-6606: guanosine nucleotides degradation II|unclassified	25.1359433744
PWY-8004: Entner-Doudoroff pathway I	29.5434087864
PWY-8004: Entner-Doudoroff pathway I|unclassified	11.2309695995
PWY-5384: sucrose degradation IV (sucrose phosphorylase)	28.9393780822
PWY-5384: sucrose degradation IV (sucrose phosphorylase)|unclassified	13.3376705842
PWY-5384: sucrose degradation IV (sucrose phosphorylase)|g__Roseburia.s__Roseburia_faecis	11.0996863589
PWY0-1479: tRNA processing	28.8899392322
PWY0-1479: tRNA processing|unclassified	23.9132020962
PWY-702: L-methionine biosynthesis II	28.6418547224
PWY-702: L-methionine biosynthesis II|unclassified	21.8664470655
PYRIDOXSYN-PWY: pyridoxal 5'-phosphate biosynthesis I	27.5676149488
PYRIDOXSYN-PWY: pyridoxal 5'-phosphate biosynthesis I|unclassified	18.2847247721
PWY-5913: partial TCA cycle (obligate autotrophs)	27.5368475893
PWY-5913: partial TCA cycle (obligate autotrophs)|unclassified	22.0340457757
PWY-7371: 1,4-dihydroxy-6-naphthoate biosynthesis II	27.5329484106
PWY-7371: 1,4-dihydroxy-6-naphthoate biosynthesis II|unclassified	21.3141729344
COLANSYN-PWY: colanic acid building blocks biosynthesis	27.5191390188
COLANSYN-PWY: colanic acid building blocks biosynthesis|unclassified	16.5456816878
P105-PWY: TCA cycle IV (2-oxoglutarate decarboxylase)	27.5121776526
P105-PWY: TCA cycle IV (2-oxoglutarate decarboxylase)|unclassified	15.4572685609
GLUCOSE1PMETAB-PWY: glucose and glucose-1-phosphate degradation	27.4169507876
GLUCOSE1PMETAB-PWY: glucose and glucose-1-phosphate degradation|unclassified	14.0455649590
PWY0-781: aspartate superpathway	27.2015095856
PWY0-781: aspartate superpathway|unclassified	22.8084317830
PWY-5121: superpathway of geranylgeranyl diphosphate biosynthesis II (via MEP)	26.1473300870
PWY-5121: superpathway of geranylgeranyl diphosphate biosynthesis II (via MEP)|unclassified	16.1546628128
P4-PWY: superpathway of L-lysine, L-threonine and L-methionine biosynthesis I	26.1236783343
P4-PWY: superpathway of L-lysine, L-threonine and L-methionine biosynthesis I|unclassified	22.4236459275
ARG+POLYAMINE-SYN: superpathway of arginine and polyamine biosynthesis	25.6224782445
ARG+POLYAMINE-SYN: superpathway of arginine and polyamine biosynthesis|unclassified	19.7423937156
PWY-241: C4 photosynthetic carbon assimilation cycle, NADP-ME type	25.5779320537
PWY-241: C4 photosynthetic carbon assimilation cycle, NADP-ME type|unclassified	10.5979724753
PWY-7220: adenosine deoxyribonucleotides de novo biosynthesis II	25.5165550387
PWY-7220: adenosine deoxyribonucleotides de novo biosynthesis II|unclassified	16.2070267604
PWY-7220: adenosine deoxyribonucleotides de novo biosynthesis II|g__Bacteroides.s__Bacteroides_massiliensis	7.4203033419
PWY-7222: guanosine deoxyribonucleotides de novo biosynthesis II	25.5165550387
PWY-7222: guanosine deoxyribonucleotides de novo biosynthesis II|unclassified	16.2070267604
PWY-7222: guanosine deoxyribonucleotides de novo biosynthesis II|g__Bacteroides.s__Bacteroides_massiliensis	7.4203033419
UDPNAGSYN-PWY: UDP-N-acetyl-D-glucosamine biosynthesis I	24.5033237168
UDPNAGSYN-PWY: UDP-N-acetyl-D-glucosamine biosynthesis I|unclassified	21.4069686418
GALACT-GLUCUROCAT-PWY: superpathway of hexuronide and hexuronate degradation	24.0754134871
GALACT-GLUCUROCAT-PWY: superpathway of hexuronide and hexuronate degradation|unclassified	7.3837497109
POLYAMSYN-PWY: superpathway of polyamine biosynthesis I	23.9239096443
POLYAMSYN-PWY: superpathway of polyamine biosynthesis I|unclassified	13.0573649163
PWY-7115: C4 photosynthetic carbon assimilation cycle, NAD-ME type	23.8115906962
PWY-7115: C4 photosynthetic carbon assimilation cycle, NAD-ME type|unclassified	8.6533722554
PWY-7117: C4 photosynthetic carbon assimilation cycle, PEPCK type	23.7184085322
PWY-7117: C4 photosynthetic carbon assimilation cycle, PEPCK type|unclassified	11.9422810662
PWY66-399: gluconeogenesis III	22.4345690340
PWY-7197: pyrimidine deoxyribonucleotide phosphorylation	22.3609912773
PWY-7197: pyrimidine deoxyribonucleotide phosphorylation|unclassified	14.4059549267
GLYOXYLATE-BYPASS: glyoxylate cycle	21.9177564051
GLYOXYLATE-BYPASS: glyoxylate cycle|unclassified	17.8209337810
PWY-7383: anaerobic energy metabolism (invertebrates, cytosol)	21.5985114183
PWY-7383: anaerobic energy metabolism (invertebrates, cytosol)|unclassified	13.3482118961
PWY-5676: acetyl-CoA fermentation to butanoate II	21.2277274951
PWY-5676: acetyl-CoA fermentation to butanoate II|unclassified	15.9151360570
ARGININE-SYN4-PWY: L-ornithine biosynthesis II	21.1709708294
ARGININE-SYN4-PWY: L-ornithine biosynthesis II|unclassified	19.3558178062
PWY-5104: L-isoleucine biosynthesis IV	20.8807894439
PWY-5659: GDP-mannose biosynthesis	20.8570240108
PWY-5659: GDP-mannose biosynthesis|unclassified	16.3959909096
PWY-5690: TCA cycle II (plants and fungi)	20.7312172483
PWY-5690: TCA cycle II (plants and fungi)|unclassified	14.6860468920
PWY-7456: &beta;-(1,4)-mannan degradation	20.6474948302
PWY-6531: mannitol cycle	20.4844015837
ORNDEG-PWY: superpathway of ornithine degradation	20.4684248491
ORNDEG-PWY: superpathway of ornithine degradation|unclassified	20.4684248491
HOMOSER-METSYN-PWY: L-methionine biosynthesis I	20.1476162321
HOMOSER-METSYN-PWY: L-methionine biosynthesis I|unclassified	19.0080351421
METHGLYUT-PWY: superpathway of methylglyoxal degradation	18.6890168180
METHGLYUT-PWY: superpathway of methylglyoxal degradation|unclassified	18.1010547115
GALACTARDEG-PWY: D-galactarate degradation I	18.2520747639
GALACTARDEG-PWY: D-galactarate degradation I|unclassified	16.5193943732
GLUCARGALACTSUPER-PWY: superpathway of D-glucarate and D-galactarate degradation	18.2520747639
GLUCARGALACTSUPER-PWY: superpathway of D-glucarate and D-galactarate degradation|unclassified	16.5193943732
TCA-GLYOX-BYPASS: superpathway of glyoxylate bypass and TCA	18.1984784700
TCA-GLYOX-BYPASS: superpathway of glyoxylate bypass and TCA|unclassified	13.5888055258
P164-PWY: purine nucleobases degradation I (anaerobic)	17.9740717934
P164-PWY: purine nucleobases degradation I (anaerobic)|unclassified	17.5428841082
PWY-561: superpathway of glyoxylate cycle and fatty acid degradation	17.9265729812
PWY-561: superpathway of glyoxylate cycle and fatty acid degradation|unclassified	14.1137430835
PWY-7392: taxadiene biosynthesis (engineered)	17.5290921844
PWY-5497: purine nucleobases degradation II (anaerobic)	17.3974362855
PWY-5497: purine nucleobases degradation II (anaerobic)|unclassified	15.8288639276
PWY-5505: L-glutamate and L-glutamine biosynthesis	17.1258476696
PWY-6803: phosphatidylcholine acyl editing	16.7948779587
PWY-6803: phosphatidylcholine acyl editing|unclassified	15.5149880614
P108-PWY: pyruvate fermentation to propanoate I	16.5287309538
P108-PWY: pyruvate fermentation to propanoate I|unclassified	5.5302896511
FUC-RHAMCAT-PWY: superpathway of fucose and rhamnose degradation	16.4979998394
FUC-RHAMCAT-PWY: superpathway of fucose and rhamnose degradation|unclassified	14.7107715337
PWY-2941: L-lysine biosynthesis II	16.3821330156
PWY-2941: L-lysine biosynthesis II|unclassified	15.0097037186
PWY-7356: thiamine diphosphate salvage IV (yeast)	15.6472757757
PWY0-1298: superpathway of pyrimidine deoxyribonucleosides degradation	15.4099322046
PWY0-1298: superpathway of pyrimidine deoxyribonucleosides degradation|unclassified	11.7039336970
PWY-5136: fatty acid &beta;-oxidation II (plant peroxisome)	15.2841068639
PWY-5136: fatty acid &beta;-oxidation II (plant peroxisome)|unclassified	14.4139056711
HEMESYN2-PWY: heme b biosynthesis II (oxygen-independent)	15.0597116992
HEMESYN2-PWY: heme b biosynthesis II (oxygen-independent)|unclassified	13.8462859909
GLUCARDEG-PWY: D-glucarate degradation I	14.5542431799
GLUCARDEG-PWY: D-glucarate degradation I|unclassified	14.2651220668
PWY-6731: starch degradation III	14.1156408431
PWY-6731: starch degradation III|unclassified	12.4213178750
NAGLIPASYN-PWY: lipid IVA biosynthesis (E. coli)	13.5551500931
NAGLIPASYN-PWY: lipid IVA biosynthesis (E. coli)|unclassified	7.2311726354
PWY-8073: lipid IVA biosynthesis (P. putida)	13.5551500931
PWY-8073: lipid IVA biosynthesis (P. putida)|unclassified	7.2311726354
HEME-BIOSYNTHESIS-II: heme b biosynthesis I (aerobic)	12.9167188969
HEME-BIOSYNTHESIS-II: heme b biosynthesis I (aerobic)|unclassified	12.9167188969
HEME-BIOSYNTHESIS-II-1: heme b biosynthesis V (aerobic)	12.9167188969
HEME-BIOSYNTHESIS-II-1: heme b biosynthesis V (aerobic)|unclassified	12.9167188969
HEXITOLDEGSUPER-PWY: superpathway of hexitol degradation (bacteria)	12.8065712236
HEXITOLDEGSUPER-PWY: superpathway of hexitol degradation (bacteria)|unclassified	11.3732458755
FUCCAT-PWY: fucose degradation	12.6690889430
FUCCAT-PWY: fucose degradation|unclassified	12.3189374191
POLYISOPRENSYN-PWY: polyisoprenoid biosynthesis (E. coli)	12.4455458659
POLYISOPRENSYN-PWY: polyisoprenoid biosynthesis (E. coli)|unclassified	9.9939798243
PWY-7858: (5Z)-dodecenoate biosynthesis II	12.3272881321
PWY-7858: (5Z)-dodecenoate biosynthesis II|unclassified	10.0393164031
GLYCOCAT-PWY: glycogen degradation I	12.3259131544
GLYCOCAT-PWY: glycogen degradation I|unclassified	11.3506264945
PWY-6293: superpathway of L-cysteine biosynthesis (fungi)	12.2003013945
PWY-5675: nitrate reduction V (assimilatory)	11.5475335124
PWY-5675: nitrate reduction V (assimilatory)|unclassified	11.2921906581
PWY0-301: L-ascorbate degradation I (bacterial, anaerobic)	11.5004258995
PWY0-301: L-ascorbate degradation I (bacterial, anaerobic)|unclassified	10.8998269864
FAO-PWY: fatty acid &beta;-oxidation I (generic)	11.4121120400
FAO-PWY: fatty acid &beta;-oxidation I (generic)|unclassified	10.7650881915
PWY-5022: 4-aminobutanoate degradation V	11.1965828863
PWY-5022: 4-aminobutanoate degradation V|unclassified	8.1504642499
POLYAMINSYN3-PWY: superpathway of polyamine biosynthesis II	10.7885611803
PWY-6961: L-ascorbate degradation II (bacterial, aerobic)	10.1840534862
PWY-6961: L-ascorbate degradation II (bacterial, aerobic)|unclassified	9.8014473903
P185-PWY: formaldehyde assimilation III (dihydroxyacetone cycle)	10.0947595527
P185-PWY: formaldehyde assimilation III (dihydroxyacetone cycle)|unclassified	9.6422306170
PWY0-1415: superpathway of heme b biosynthesis from uroporphyrinogen-III	10.0812061060
PWY0-1415: superpathway of heme b biosynthesis from uroporphyrinogen-III|unclassified	9.7017726981
PWY-7118: chitin deacetylation	9.5414452482
PWY-7118: chitin deacetylation|unclassified	9.5414452482
PWY-8131: 5'-deoxyadenosine degradation II	9.0674841321
PWY-8131: 5'-deoxyadenosine degradation II|unclassified	8.8999813772
P42-PWY: incomplete reductive TCA cycle	8.9525063322
GOLPDLCAT-PWY: superpathway of glycerol degradation to 1,3-propanediol	8.5223655987
GOLPDLCAT-PWY: superpathway of glycerol degradation to 1,3-propanediol|unclassified	8.2485445463
PWY-5918: superpathway of heme b biosynthesis from glutamate	8.3148786414
PWY-5918: superpathway of heme b biosynthesis from glutamate|unclassified	7.5635115825
PWY4LZ-257: superpathway of fermentation (Chlamydomonas reinhardtii)	8.2366593842
PWY4LZ-257: superpathway of fermentation (Chlamydomonas reinhardtii)|unclassified	7.7779314517
PWY0-42: 2-methylcitrate cycle I	7.6236614666
PWY0-42: 2-methylcitrate cycle I|unclassified	7.6236614666
PWY-801: homocysteine and cysteine interconversion	7.6125601431
P161-PWY: acetylene degradation (anaerobic)	6.9945033874
P161-PWY: acetylene degradation (anaerobic)|unclassified	6.8318257885
PWY0-1241: ADP-L-glycero-&beta;-D-manno-heptose biosynthesis	6.9623061891
PWY0-1241: ADP-L-glycero-&beta;-D-manno-heptose biosynthesis|unclassified	6.9623061891
PWY-6859: all-trans-farnesol biosynthesis	6.8993491018
PWY-6859: all-trans-farnesol biosynthesis|unclassified	6.7890752516
PWY-5004: superpathway of L-citrulline metabolism	5.8358813304
PWY-5677: succinate fermentation to butanoate	5.7084636762
PWY-5677: succinate fermentation to butanoate|unclassified	5.7084636762
PWY0-1338: polymyxin resistance	5.1185622847
PWY0-1338: polymyxin resistance|unclassified	5.1185622847
PWY66-389: phytol degradation	4.9123956609
PWY66-389: phytol degradation|unclassified	4.8140626148
GALACTITOLCAT-PWY: galactitol degradation	4.4827895023
GALACTITOLCAT-PWY: galactitol degradation|unclassified	4.3697306303
PWY-5138: fatty acid &beta;-oxidation IV (unsaturated, even number)	4.3566209224
PWY-5138: fatty acid &beta;-oxidation IV (unsaturated, even number)|unclassified	4.3566209224
GLYCOL-GLYOXDEG-PWY: superpathway of glycol metabolism and degradation	4.2953785098
GLYCOL-GLYOXDEG-PWY: superpathway of glycol metabolism and degradation|unclassified	4.1504404428
PWY-5705: allantoin degradation to glyoxylate III	4.2237037979
PWY-5705: allantoin degradation to glyoxylate III|unclassified	3.9741604510
PWY-7385: 1,3-propanediol biosynthesis (engineered)	3.2786036617
PWY-7385: 1,3-propanediol biosynthesis (engineered)|unclassified	3.1838648615
PWY-6902: chitin degradation II (Vibrio)	3.2022322135
PWY-6902: chitin degradation II (Vibrio)|unclassified	3.2022322135
PWY-6922: L-N&delta;-acetylornithine biosynthesis	2.9891305845
PWY-5747: 2-methylcitrate cycle II	2.7319184372
PWY-5747: 2-methylcitrate cycle II|unclassified	2.7319184372
P221-PWY: octane oxidation	2.5200218274
P221-PWY: octane oxidation|unclassified	2.5045214109
KETOGLUCONMET-PWY: ketogluconate metabolism	2.3012513099
KETOGLUCONMET-PWY: ketogluconate metabolism|unclassified	2.3012513099